<?xml version="1.0" encoding="UTF-8"?>
<!DOCTYPE plist PUBLIC "-//Apple//DTD PLIST 1.0//EN" "http://www.apple.com/DTDs/PropertyList-1.0.dtd">
<plist version="1.0">
<dict>
	<key>author</key>
	<string></string>
	<key>comments</key>
	<string></string>
	<key>isUsingConstrainedLayout</key>
	<false/>
	<key>keywords</key>
	<string></string>
	<key>mindMap</key>
	<dict>
		<key>associations</key>
		<array/>
		<key>color</key>
		<string>{1.000, 1.000, 1.000, 1.000}</string>
		<key>mainNodes</key>
		<array>
			<dict>
				<key>contentAlignment</key>
				<integer>1</integer>
				<key>fillColor</key>
				<string>{1.000, 1.000, 1.000, 1.000}</string>
				<key>isDecreasingBranchThickness</key>
				<true/>
				<key>isDrawingFill</key>
				<true/>
				<key>isLeftAligned</key>
				<false/>
				<key>location</key>
				<string>{0, 0}</string>
				<key>nodeID</key>
				<string>13D8B643-962F-4AD6-9B5F-30C930C364BF</string>
				<key>strokeColor</key>
				<string>{0.500, 0.500, 0.500, 1.000}</string>
				<key>strokeStyle</key>
				<integer>0</integer>
				<key>strokeWidth</key>
				<real>2</real>
				<key>subnodes</key>
				<array>
					<dict>
						<key>contentAlignment</key>
						<integer>1</integer>
						<key>fillColor</key>
						<string>{1.000, 1.000, 1.000, 1.000}</string>
						<key>isDecreasingBranchThickness</key>
						<true/>
						<key>isDrawingFill</key>
						<false/>
						<key>isLeftAligned</key>
						<false/>
						<key>location</key>
						<string>{144.59765625, 100.421875}</string>
						<key>nodeID</key>
						<string>EC340AB5-115A-4615-B9CA-E970E0759708</string>
						<key>strokeColor</key>
						<string>{1.000, 0.800, 0.400, 1.000}</string>
						<key>strokeStyle</key>
						<integer>0</integer>
						<key>strokeWidth</key>
						<real>6</real>
						<key>subnodes</key>
						<array/>
						<key>title</key>
						<dict>
							<key>attributedText</key>
							<data>
							YnBsaXN0MDDUAQIDBAUG
							4+RYJHZlcnNpb25YJG9i
							amVjdHNZJGFyY2hpdmVy
							VCR0b3ASAAGGoK8QLAcI
							DxAXICEiIycxODxASEln
							dn1+goeMkZaboKWqr7S5
							vL3BycrW19jZ2tvfVSRu
							dWxs0wkKCwwNDlZzdHJp
							bmdaYXR0cmlidXRlc1Yk
							Y2xhc3OAAoADgCtTQWN0
							0hELEhZaTlMub2JqZWN0
							c6MTFBWABIANgCKAH9MY
							EQsZHB9XTlMua2V5c6Ia
							G4AFgAaiHR6AB4AIgAxf
							ECRrTU5BdHRyaWJ1dGVk
							U3RyaW5nQXR0cmlidXRl
							UmFuZ2VLZXlfEChrTU5B
							dHRyaWJ1dGVkU3RyaW5n
							QXR0cmlidXRlQXR0cmli
							dXRlS2V5VnswLCAzfdIk
							CyUmVWNvbG9ygAmAC9UL
							KCkqKywtLi8wU3JlZFVh
							bHBoYVRibHVlVWdyZWVu
							gAoiAAAAACI/gAAAIgAA
							AAAiAAAAANIyMzQ1WiRj
							bGFzc25hbWVYJGNsYXNz
							ZXNYTU5DQ29sb3KiNjdY
							TU5DQ29sb3JYTlNPYmpl
							Y3TSMjM5Ol8QE01OQVNG
							b3JlZ3JvdW5kQ29sb3Ki
							OzdfEBNNTkFTRm9yZWdy
							b3VuZENvbG9y0jIzPT5f
							EBNOU011dGFibGVEaWN0
							aW9uYXJ5oz0/N1xOU0Rp
							Y3Rpb25hcnnTGBELQUQf
							ohobgAWABqJFRoAOgA+A
							DFZ7MCwgM33fEA9KS0xN
							TgtPUFFSU1RVVldYWVpb
							XF1eXGBhYmNkZWZfEBFt
							YXhpbXVtTGluZUhlaWdo
							dFh0YWJTdG9wc18QEHBh
							cmFncmFwaFNwYWNpbmda
							aGVhZEluZGVudF1saW5l
							QnJlYWtNb2RlW2xpbmVT
							cGFjaW5nWWFsaWdubWVu
							dFp0YWlsSW5kZW50XxAR
							bWluaW11bUxpbmVIZWln
							aHRfEBZwYXJhZ3JhcGhT
							cGFjaW5nQmVmb3JlXxAS
							ZGVmYXVsdFRhYkludGVy
							dmFsXxASZmlyc3RMaW5l
							SGVhZElkZW50XxAUYmFz
							ZVdyaXRpbmdEaXJlY3Rp
							b25fEBJsaW5lSGVpZ2h0
							TXVsdGlwbGUiAAAAAIAQ
							IgAAAAAiAAAAAIASgCEi
							AAAAAIASIgAAAAAiAAAA
							ACIAAAAAIgAAAAAiAAAA
							AIAgIgAAAADSEQtoFqxp
							amtsbW5vcHFyc3SAEYAU
							gBWAFoAXgBiAGYAagBuA
							HIAdgB6AH9RQd3gLXHp7
							fFdvcHRpb25zWGxvY2F0
							aW9ugBKAACJB4AAAgBMQ
							ANIyM3+AW01OQVNUZXh0
							VGFiooE3W01OQVNUZXh0
							VGFi1FB3eAtceoV8gBKA
							ACJCYAAAgBPUUHd4C1x6
							inyAEoAAIkKoAACAE9RQ
							d3gLXHqPfIASgAAiQuAA
							AIAT1FB3eAtcepR8gBKA
							ACJDDAAAgBPUUHd4C1x6
							mXyAEoAAIkMoAACAE9RQ
							d3gLXHqefIASgAAiQ0QA
							AIAT1FB3eAtceqN8gBKA
							ACJDYAAAgBPUUHd4C1x6
							qHyAEoAAIkN8AACAE9RQ
							d3gLXHqtfIASgAAiQ4wA
							AIAT1FB3eAtcerJ8gBKA
							ACJDmgAAgBPUUHd4C1x6
							t3yAEoAAIkOoAACAE9Iy
							M7q7V05TQXJyYXmiujcU
							AAAAAAAAAAD/////////
							/9IyM76/XxATTU5BU1Bh
							cmFncmFwaHlTdHlsZaLA
							N18QE01OQVNQYXJhZ3Jh
							cGh5U3R5bGXTGBELwsUf
							ohobgAWABqLGx4AjgCSA
							DFZ7MCwgM33Wy8zNzs8L
							0NHS09TVVHNpemVYZm9u
							dE5hbWVZZXhwYW5zaW9u
							W29ibGlxdWVuZXNzXxAS
							YmFzZWxpbmVBZGp1c3Rt
							ZW50gCaAJYApgCiAJ4Aq
							XxARTHVjaWRhR3JhbmRl
							LUJvbGQiQUAAACIAAAAA
							IgAAAAAiAAAAANIyM9zd
							WE1OQVNGb250ot43WE1O
							QVNGb2500jIz4OFfEBNN
							TkNBdHRyaWJ1dGVkU3Ry
							aW5nouI3XxATTU5DQXR0
							cmlidXRlZFN0cmluZ18Q
							D05TS2V5ZWRBcmNoaXZl
							ctHl5l8QEU1OQzBkZXJS
							b290T2JqZWN0gAEACAAR
							ABoAIwAtADIANwBmAGwA
							cwB6AIUAjACOAJAAkgCW
							AJsApgCqAKwArgCwALIA
							uQDBAMQAxgDIAMsAzQDP
							ANEA+AEjASoBLwE1ATcB
							OQFEAUgBTgFTAVkBWwFg
							AWUBagFvAXQBfwGIAZEB
							lAGdAaYBqwHBAcQB2gHf
							AfUB+QIGAg0CEAISAhQC
							FwIZAhsCHQIkAkUCWQJi
							AnUCgAKOApoCpAKvAsMC
							3ALxAwYDHQMyAzcDOQM+
							A0MDRQNHA0wDTgNTA1gD
							XQNiA2cDaQNuA3MDgAOC
							A4QDhgOIA4oDjAOOA5AD
							kgOUA5YDmAOaA6MDqwO0
							A7YDuAO9A78DwQPGA9ID
							1QPhA+oD7APuA/MD9QP+
							BAAEAgQHBAkEEgQUBBYE
							GwQdBCYEKAQqBC8EMQQ6
							BDwEPgRDBEUETgRQBFIE
							VwRZBGIEZARmBGsEbQR2
							BHgEegR/BIEEigSMBI4E
							kwSVBJ4EoASiBKcEqQSy
							BLQEtgS7BL0EwgTKBM0E
							3gTjBPkE/AUSBRkFHAUe
							BSAFIwUlBScFKQUwBT0F
							QgVLBVUFYQV2BXgFegV8
							BX4FgAWCBZYFmwWgBaUF
							qgWvBbgFuwXEBckF3wXi
							BfgGCgYNBiEAAAAAAAAC
							AQAAAAAAAADnAAAAAAAA
							AAAAAAAAAAAGIw==
							</data>
							<key>constrainedWidth</key>
							<integer>300</integer>
							<key>shrinkToFitContent</key>
							<integer>1</integer>
							<key>text</key>
							<string>{\rtf1\ansi\ansicpg1252\cocoartf1187
{\fonttbl\f0\fnil\fcharset0 LucidaGrande;}
{\colortbl;\red255\green255\blue255;}
\pard\tx560\tx1120\tx1680\tx2240\tx2800\tx3360\tx3920\tx4480\tx5040\tx5600\tx6160\tx6720\pardirnatural

\f0\b\fs24 \cf0 Act}</string>
						</dict>
					</dict>
					<dict>
						<key>contentAlignment</key>
						<integer>1</integer>
						<key>fillColor</key>
						<string>{1.000, 1.000, 1.000, 1.000}</string>
						<key>isDecreasingBranchThickness</key>
						<true/>
						<key>isDrawingFill</key>
						<false/>
						<key>isLeftAligned</key>
						<false/>
						<key>location</key>
						<string>{146.3359375, -85.0078125}</string>
						<key>nodeID</key>
						<string>737012D0-086C-4793-B700-D4647CE7C1CF</string>
						<key>strokeColor</key>
						<string>{0.800, 1.000, 0.400, 1.000}</string>
						<key>strokeStyle</key>
						<integer>0</integer>
						<key>strokeWidth</key>
						<real>6</real>
						<key>subnodes</key>
						<array>
							<dict>
								<key>contentAlignment</key>
								<integer>1</integer>
								<key>fillColor</key>
								<string>{1.000, 1.000, 1.000, 1.000}</string>
								<key>isDecreasingBranchThickness</key>
								<true/>
								<key>isDrawingFill</key>
								<false/>
								<key>isLeftAligned</key>
								<false/>
								<key>location</key>
								<string>{262.11328125, -164.8515625}</string>
								<key>nodeID</key>
								<string>28195137-4D89-474C-A466-673816DBAFD0</string>
								<key>strokeColor</key>
								<string>{0.800, 1.000, 0.400, 1.000}</string>
								<key>strokeStyle</key>
								<integer>0</integer>
								<key>strokeWidth</key>
								<real>5</real>
								<key>subnodes</key>
								<array>
									<dict>
										<key>contentAlignment</key>
										<integer>1</integer>
										<key>fillColor</key>
										<string>{1.000, 1.000, 1.000, 1.000}</string>
										<key>isDecreasingBranchThickness</key>
										<true/>
										<key>isDrawingFill</key>
										<false/>
										<key>isLeftAligned</key>
										<false/>
										<key>location</key>
										<string>{435.17437922918634, -164.19659732123625}</string>
										<key>nodeID</key>
										<string>7F5F60A4-B84B-4E58-9283-04C827050D4A</string>
										<key>strokeColor</key>
										<string>{0.800, 1.000, 0.400, 1.000}</string>
										<key>strokeStyle</key>
										<integer>0</integer>
										<key>strokeWidth</key>
										<real>4</real>
										<key>subnodes</key>
										<array>
											<dict>
												<key>contentAlignment</key>
												<integer>1</integer>
												<key>fillColor</key>
												<string>{1.000, 1.000, 1.000, 1.000}</string>
												<key>isDecreasingBranchThickness</key>
												<true/>
												<key>isDrawingFill</key>
												<false/>
												<key>isLeftAligned</key>
												<false/>
												<key>location</key>
												<string>{596.35827063027909, -214.57589980040018}</string>
												<key>nodeID</key>
												<string>B2E9B9C9-8947-482B-A20F-3DEBF791ED10</string>
												<key>strokeColor</key>
												<string>{0.800, 1.000, 0.400, 1.000}</string>
												<key>strokeStyle</key>
												<integer>0</integer>
												<key>strokeWidth</key>
												<real>3</real>
												<key>subnodes</key>
												<array>
													<dict>
														<key>contentAlignment</key>
														<integer>1</integer>
														<key>fillColor</key>
														<string>{1.000, 1.000, 1.000, 1.000}</string>
														<key>isDecreasingBranchThickness</key>
														<true/>
														<key>isDrawingFill</key>
														<false/>
														<key>isLeftAligned</key>
														<false/>
														<key>location</key>
														<string>{804.44416811998713, -149.01596283127037}</string>
														<key>nodeID</key>
														<string>E1F91C46-03AD-46A5-8381-9E266E2BF63D</string>
														<key>strokeColor</key>
														<string>{0.800, 1.000, 0.400, 1.000}</string>
														<key>strokeStyle</key>
														<integer>0</integer>
														<key>strokeWidth</key>
														<real>2</real>
														<key>subnodes</key>
														<array/>
														<key>title</key>
														<dict>
															<key>attributedText</key>
															<data>
								YnBsaXN0MDDU
								AQIDBAUG5OVY
								JHZlcnNpb25Y
								JG9iamVjdHNZ
								JGFyY2hpdmVy
								VCR0b3ASAAGG
								oK8QLQcIDxAX
								ICEiIycxODxA
								SElndn1+goeM
								kZaboKWqr7S5
								vL2+wsrL19jZ
								2tvc4FUkbnVs
								bNMJCgsMDQ5W
								c3RyaW5nWmF0
								dHJpYnV0ZXNW
								JGNsYXNzgAKA
								A4AsXxBEV2l0
								aG91dCBrbm93
								bGVkZ2Ugb2Yg
								YWNjaWRlbnRh
								bCB2aWN0aW0n
								cyBwcmVzZW5j
								ZSwgQmFza2Eg
								di4gU2NoZXJ6
								ZXLSEQsSFlpO
								Uy5vYmplY3Rz
								oxMUFYAEgA2A
								I4Af0xgRCxkc
								H1dOUy5rZXlz
								ohobgAWABqId
								HoAHgAiADF8Q
								JGtNTkF0dHJp
								YnV0ZWRTdHJp
								bmdBdHRyaWJ1
								dGVSYW5nZUtl
								eV8QKGtNTkF0
								dHJpYnV0ZWRT
								dHJpbmdBdHRy
								aWJ1dGVBdHRy
								aWJ1dGVLZXlX
								ezAsIDY4fdIk
								CyUmVWNvbG9y
								gAmAC9ULKCkq
								KywtLi8wU3Jl
								ZFVhbHBoYVRi
								bHVlVWdyZWVu
								gAoiAAAAACI/
								gAAAIgAAAAAi
								AAAAANIyMzQ1
								WiRjbGFzc25h
								bWVYJGNsYXNz
								ZXNYTU5DQ29s
								b3KiNjdYTU5D
								Q29sb3JYTlNP
								YmplY3TSMjM5
								Ol8QE01OQVNG
								b3JlZ3JvdW5k
								Q29sb3KiOzdf
								EBNNTkFTRm9y
								ZWdyb3VuZENv
								bG9y0jIzPT5f
								EBNOU011dGFi
								bGVEaWN0aW9u
								YXJ5oz0/N1xO
								U0RpY3Rpb25h
								cnnTGBELQUQf
								ohobgAWABqJF
								RoAOgA+ADFd7
								MCwgNjh93xAP
								SktMTU4LT1BR
								UlNUVVZXWFla
								W1xdXl9gYWJj
								ZGVmXxARbWF4
								aW11bUxpbmVI
								ZWlnaHRYdGFi
								U3RvcHNfEBBw
								YXJhZ3JhcGhT
								cGFjaW5nWmhl
								YWRJbmRlbnRd
								bGluZUJyZWFr
								TW9kZVtsaW5l
								U3BhY2luZ1lh
								bGlnbm1lbnRa
								dGFpbEluZGVu
								dF8QEW1pbmlt
								dW1MaW5lSGVp
								Z2h0XxAWcGFy
								YWdyYXBoU3Bh
								Y2luZ0JlZm9y
								ZV8QEmRlZmF1
								bHRUYWJJbnRl
								cnZhbF8QEmZp
								cnN0TGluZUhl
								YWRJZGVudF8Q
								FGJhc2VXcml0
								aW5nRGlyZWN0
								aW9uXxASbGlu
								ZUhlaWdodE11
								bHRpcGxlIgAA
								AACAECIAAAAA
								IgAAAACAEoAi
								IgAAAACAICIA
								AAAAIgAAAAAi
								AAAAACIAAAAA
								IgAAAACAISIA
								AAAA0hELaBas
								aWprbG1ub3Bx
								cnN0gBGAFIAV
								gBaAF4AYgBmA
								GoAbgByAHYAe
								gB/UUHd4C1x6
								e3xXb3B0aW9u
								c1hsb2NhdGlv
								boASgAAiQeAA
								AIATEADSMjN/
								gFtNTkFTVGV4
								dFRhYqKBN1tN
								TkFTVGV4dFRh
								YtRQd3gLXHqF
								fIASgAAiQmAA
								AIAT1FB3eAtc
								eop8gBKAACJC
								qAAAgBPUUHd4
								C1x6j3yAEoAA
								IkLgAACAE9RQ
								d3gLXHqUfIAS
								gAAiQwwAAIAT
								1FB3eAtcepl8
								gBKAACJDKAAA
								gBPUUHd4C1x6
								nnyAEoAAIkNE
								AACAE9RQd3gL
								XHqjfIASgAAi
								Q2AAAIAT1FB3
								eAtceqh8gBKA
								ACJDfAAAgBPU
								UHd4C1x6rXyA
								EoAAIkOMAACA
								E9RQd3gLXHqy
								fIASgAAiQ5oA
								AIAT1FB3eAtc
								erd8gBKAACJD
								qAAAgBPSMjO6
								u1dOU0FycmF5
								oro3EAQUAAAA
								AAAAAAD/////
								/////9IyM7/A
								XxATTU5BU1Bh
								cmFncmFwaHlT
								dHlsZaLBN18Q
								E01OQVNQYXJh
								Z3JhcGh5U3R5
								bGXTGBELw8Yf
								ohobgAWABqLH
								yIAkgCWADFd7
								MCwgNjh91szN
								zs/QC9HS09TV
								1lRzaXplWGZv
								bnROYW1lWWV4
								cGFuc2lvbltv
								YmxpcXVlbmVz
								c18QEmJhc2Vs
								aW5lQWRqdXN0
								bWVudIAngCaA
								KoApgCiAK1xM
								dWNpZGFHcmFu
								ZGUiQUAAACIA
								AAAAIgAAAAAi
								AAAAANIyM93e
								WE1OQVNGb250
								ot83WE1OQVNG
								b2500jIz4eJf
								EBNNTkNBdHRy
								aWJ1dGVkU3Ry
								aW5nouM3XxAT
								TU5DQXR0cmli
								dXRlZFN0cmlu
								Z18QD05TS2V5
								ZWRBcmNoaXZl
								ctHm518QEU1O
								QzBkZXJSb290
								T2JqZWN0gAEA
								CAARABoAIwAt
								ADIANwBnAG0A
								dAB7AIYAjQCP
								AJEAkwDaAN8A
								6gDuAPAA8gD0
								APYA/QEFAQgB
								CgEMAQ8BEQET
								ARUBPAFnAW8B
								dAF6AXwBfgGJ
								AY0BkwGYAZ4B
								oAGlAaoBrwG0
								AbkBxAHNAdYB
								2QHiAesB8AIG
								AgkCHwIkAjoC
								PgJLAlICVQJX
								AlkCXAJeAmAC
								YgJqAosCnwKo
								ArsCxgLUAuAC
								6gL1AwkDIgM3
								A0wDYwN4A30D
								fwOEA4kDiwON
								A5IDlAOZA54D
								owOoA60DrwO0
								A7kDxgPIA8oD
								zAPOA9AD0gPU
								A9YD2APaA9wD
								3gPgA+kD8QP6
								A/wD/gQDBAUE
								BwQMBBgEGwQn
								BDAEMgQ0BDkE
								OwREBEYESARN
								BE8EWARaBFwE
								YQRjBGwEbgRw
								BHUEdwSABIIE
								hASJBIsElASW
								BJgEnQSfBKgE
								qgSsBLEEswS8
								BL4EwATFBMcE
								0ATSBNQE2QTb
								BOQE5gToBO0E
								7wT4BPoE/AUB
								BQMFCAUQBRMF
								FQUmBSsFQQVE
								BVoFYQVkBWYF
								aAVrBW0FbwVx
								BXkFhgWLBZQF
								ngWqBb8FwQXD
								BcUFxwXJBcsF
								2AXdBeIF5wXs
								BfEF+gX9BgYG
								CwYhBiQGOgZM
								Bk8GYwAAAAAA
								AAIBAAAAAAAA
								AOgAAAAAAAAA
								AAAAAAAAAAZl
															</data>
															<key>constrainedWidth</key>
															<integer>300</integer>
															<key>shrinkToFitContent</key>
															<integer>1</integer>
															<key>text</key>
															<string>{\rtf1\ansi\ansicpg1252\cocoartf1187
{\fonttbl\f0\fnil\fcharset0 LucidaGrande;}
{\colortbl;\red255\green255\blue255;}
\pard\tx560\tx1120\tx1680\tx2240\tx2800\tx3360\tx3920\tx4480\tx5040\tx5600\tx6160\tx6720\pardirnatural

\f0\fs24 \cf0 Without knowledge of accidental victim's presence, Baska v. Scherzer}</string>
														</dict>
													</dict>
													<dict>
														<key>contentAlignment</key>
														<integer>1</integer>
														<key>fillColor</key>
														<string>{1.000, 1.000, 1.000, 1.000}</string>
														<key>isDecreasingBranchThickness</key>
														<true/>
														<key>isDrawingFill</key>
														<false/>
														<key>isLeftAligned</key>
														<false/>
														<key>location</key>
														<string>{806.74300129463631, -247.4881831700429}</string>
														<key>nodeID</key>
														<string>1E43EB3F-C7C5-4615-B3F6-A7BBF5969B88</string>
														<key>strokeColor</key>
														<string>{0.800, 1.000, 0.400, 1.000}</string>
														<key>strokeStyle</key>
														<integer>0</integer>
														<key>strokeWidth</key>
														<real>2</real>
														<key>subnodes</key>
														<array/>
														<key>title</key>
														<dict>
															<key>attributedText</key>
															<data>
								YnBsaXN0MDDU
								AAEAAgADAAQA
								BQAGAV8BYFgk
								dmVyc2lvblgk
								b2JqZWN0c1kk
								YXJjaGl2ZXJU
								JHRvcBIAAYag
								rxBFAAcACAAP
								ABAAGQAiACMA
								JAAlAEMAUgBZ
								AFoAYQBmAGsA
								cAB1AHoAfwCE
								AIkAjgCTAJgA
								mwCcAJ0AoQCl
								AK0ArgC6ALsA
								vAC9AL4AvwDD
								AMsAzADQANoA
								3gDiAOoA6wD7
								AQoBDwEUARkB
								HgEjASgBLQEy
								ATcBPAFBAUYB
								RwFPAVABVwFY
								AVkBWgFbVSRu
								dWxs0wAJAAoA
								CwAMAA0ADlZz
								dHJpbmdaYXR0
								cmlidXRlc1Yk
								Y2xhc3OAAoAD
								gERfEF9XaXRo
								IGtub3dsZWRn
								ZSBvZiBhY2Np
								ZGVudGFsIHZp
								Y3RpbSdzIHBy
								ZXNlbmNlLCBT
								dG9zaGFrIHYu
								IEVhc3QgQmF0
								b24gUm91Z2Ug
								UGFyaXNoIFNj
								aG9vbCBCb2Fy
								ZNIAEQALABIA
								GFpOUy5vYmpl
								Y3RzpQATABQA
								FQAWABeABIAd
								gCaALIA9gBjT
								ABoAEQALABsA
								HgAhV05TLmtl
								eXOiABwAHYAF
								gAaiAB8AIIAH
								gAiAHF8QJGtN
								TkF0dHJpYnV0
								ZWRTdHJpbmdB
								dHRyaWJ1dGVS
								YW5nZUtleV8Q
								KGtNTkF0dHJp
								YnV0ZWRTdHJp
								bmdBdHRyaWJ1
								dGVBdHRyaWJ1
								dGVLZXlYezQ4
								LCA0N33fEA8A
								JgAnACgAKQAq
								AAsAKwAsAC0A
								LgAvADAAMQAy
								ADMANAA1ADYA
								NwA4ADkAOgA7
								ADwAPQA+AD8A
								QABBAEJfEBFt
								YXhpbXVtTGlu
								ZUhlaWdodFh0
								YWJTdG9wc18Q
								EHBhcmFncmFw
								aFNwYWNpbmda
								aGVhZEluZGVu
								dF1saW5lQnJl
								YWtNb2RlW2xp
								bmVTcGFjaW5n
								WWFsaWdubWVu
								dFp0YWlsSW5k
								ZW50XxARbWlu
								aW11bUxpbmVI
								ZWlnaHRfEBZw
								YXJhZ3JhcGhT
								cGFjaW5nQmVm
								b3JlXxASZGVm
								YXVsdFRhYklu
								dGVydmFsXxAS
								Zmlyc3RMaW5l
								SGVhZElkZW50
								XxAUYmFzZVdy
								aXRpbmdEaXJl
								Y3Rpb25fEBJs
								aW5lSGVpZ2h0
								TXVsdGlwbGUi
								AAAAAIAJIgAA
								AAAiAAAAAIAL
								gBsiAAAAAIAZ
								IgAAAAAiAAAA
								ACIAAAAAIgAA
								AAAiAAAAAIAa
								IgAAAADSABEA
								CwBEABisAEUA
								RgBHAEgASQBK
								AEsATABNAE4A
								TwBQgAqADYAO
								gA+AEIARgBKA
								E4AUgBWAFoAX
								gBjUACwAUwBU
								AAsAOABWAFcA
								WFdvcHRpb25z
								WGxvY2F0aW9u
								gAuAACJB4AAA
								gAwQANIAWwBc
								AF0AXlokY2xh
								c3NuYW1lWCRj
								bGFzc2VzW01O
								QVNUZXh0VGFi
								ogBfAGBbTU5B
								U1RleHRUYWJY
								TlNPYmplY3TU
								ACwAUwBUAAsA
								OABWAGQAWIAL
								gAAiQmAAAIAM
								1AAsAFMAVAAL
								ADgAVgBpAFiA
								C4AAIkKoAACA
								DNQALABTAFQA
								CwA4AFYAbgBY
								gAuAACJC4AAA
								gAzUACwAUwBU
								AAsAOABWAHMA
								WIALgAAiQwwA
								AIAM1AAsAFMA
								VAALADgAVgB4
								AFiAC4AAIkMo
								AACADNQALABT
								AFQACwA4AFYA
								fQBYgAuAACJD
								RAAAgAzUACwA
								UwBUAAsAOABW
								AIIAWIALgAAi
								Q2AAAIAM1AAs
								AFMAVAALADgA
								VgCHAFiAC4AA
								IkN8AACADNQA
								LABTAFQACwA4
								AFYAjABYgAuA
								ACJDjAAAgAzU
								ACwAUwBUAAsA
								OABWAJEAWIAL
								gAAiQ5oAAIAM
								1AAsAFMAVAAL
								ADgAVgCWAFiA
								C4AAIkOoAACA
								DNIAWwBcAJkA
								mldOU0FycmF5
								ogCZAGAQBBQA
								AAAAAAAAAP//
								////////0gBb
								AFwAngCfXxAT
								TU5BU1BhcmFn
								cmFwaHlTdHls
								ZaIAoABgXxAT
								TU5BU1BhcmFn
								cmFwaHlTdHls
								ZdIAWwBcAKIA
								o18QE05TTXV0
								YWJsZURpY3Rp
								b25hcnmjAKIA
								pABgXE5TRGlj
								dGlvbmFyedMA
								GgARAAsApgCp
								ACGiABwAHYAF
								gAaiAKoAq4Ae
								gB+AHFh7NDgs
								IDQ3fdYArwCw
								ALEAsgCzAAsA
								tAC1ALYAtwC4
								ALlUc2l6ZVhm
								b250TmFtZVll
								eHBhbnNpb25b
								b2JsaXF1ZW5l
								c3NfEBJiYXNl
								bGluZUFkanVz
								dG1lbnSAIYAg
								gCSAI4AigCVc
								THVjaWRhR3Jh
								bmRlIkFAAAAi
								AAAAACIAAAAA
								IgAAAADSAFsA
								XADAAMFYTU5B
								U0ZvbnSiAMIA
								YFhNTkFTRm9u
								dNMAGgARAAsA
								xADHACGiABwA
								HYAFgAaiAMgA
								yYAngCiAHFd7
								MCwgNDh90gDN
								AAsAzgDPVWNv
								bG9ygCmAK9UA
								CwDRANIA0wDU
								ANUA1gDXANgA
								2VNyZWRVYWxw
								aGFUYmx1ZVVn
								cmVlboAqIgAA
								AAAiP4AAACIA
								AAAAIgAAAADS
								AFsAXADbANxY
								TU5DQ29sb3Ki
								AN0AYFhNTkND
								b2xvctIAWwBc
								AN8A4F8QE01O
								QVNGb3JlZ3Jv
								dW5kQ29sb3Ki
								AOEAYF8QE01O
								QVNGb3JlZ3Jv
								dW5kQ29sb3LT
								ABoAEQALAOMA
								5gAhogAcAB2A
								BYAGogDnAOiA
								LYAugBxXezAs
								IDQ4fd8QDwAm
								ACcAKAApACoA
								CwArACwALQAu
								AC8AMAAxADIA
								MwDsAO0A7gDv
								ADgAOQDyADsA
								9AD1APYA9wD4
								APkA+iIAAAAA
								gC8iAAAAACIA
								AAAAgAuAGyIA
								AAAAgBkiAAAA
								ACIAAAAAIgAA
								AAAiAAAAACIA
								AAAAgDwiAAAA
								ANIAEQALAPwA
								GKwA/QD+AP8B
								AAEBAQIBAwEE
								AQUBBgEHAQiA
								MIAxgDKAM4A0
								gDWANoA3gDiA
								OYA6gDuAGNQA
								LABTAFQACwA4
								AFYBDQBYgAuA
								ACJB4AAAgAzU
								ACwAUwBUAAsA
								OABWARIAWIAL
								gAAiQmAAAIAM
								1AAsAFMAVAAL
								ADgAVgEXAFiA
								C4AAIkKoAACA
								DNQALABTAFQA
								CwA4AFYBHABY
								gAuAACJC4AAA
								gAzUACwAUwBU
								AAsAOABWASEA
								WIALgAAiQwwA
								AIAM1AAsAFMA
								VAALADgAVgEm
								AFiAC4AAIkMo
								AACADNQALABT
								AFQACwA4AFYB
								KwBYgAuAACJD
								RAAAgAzUACwA
								UwBUAAsAOABW
								ATAAWIALgAAi
								Q2AAAIAM1AAs
								AFMAVAALADgA
								VgE1AFiAC4AA
								IkN8AACADNQA
								LABTAFQACwA4
								AFYBOgBYgAuA
								ACJDjAAAgAzU
								ACwAUwBUAAsA
								OABWAT8AWIAL
								gAAiQ5oAAIAM
								1AAsAFMAVAAL
								ADgAVgFEAFiA
								C4AAIkOoAACA
								DBQAAAAAAAAA
								AP//////////
								0wAaABEACwFI
								AUsAIaIAHAAd
								gAWABqIBTAFN
								gD6AP4AcV3sw
								LCA0OH3WAK8A
								sACxALIAswAL
								AVEAtQFTAVQB
								VQC5gECAIIBD
								gEKAQYAlIkFA
								AAAiAAAAACIA
								AAAAIgAAAADS
								AFsAXAFcAV1f
								EBNNTkNBdHRy
								aWJ1dGVkU3Ry
								aW5nogFeAGBf
								EBNNTkNBdHRy
								aWJ1dGVkU3Ry
								aW5nXxAPTlNL
								ZXllZEFyY2hp
								dmVy0QFhAWJf
								EBFNTkMwZGVy
								Um9vdE9iamVj
								dIABAAgAGQAi
								ACsANQA6AD8A
								zADSAN8A5gDx
								APgA+gD8AP4B
								YAFpAXQBfwGB
								AYMBhQGHAYkB
								iwGYAaABpQGn
								AakBrgGwAbIB
								tAHbAgYCDwJO
								AmICawJ+AokC
								lwKjAq0CuALM
								AuUC+gMPAyYD
								OwNAA0IDRwNM
								A04DUANVA1cD
								XANhA2YDawNw
								A3IDdwOAA5kD
								mwOdA58DoQOj
								A6UDpwOpA6sD
								rQOvA7EDswPE
								A8wD1QPXA9kD
								3gPgA+ID6wP2
								A/8ECwQQBBwE
								JQQ2BDgEOgQ/
								BEEEUgRUBFYE
								WwRdBG4EcARy
								BHcEeQSKBIwE
								jgSTBJUEpgSo
								BKoErwSxBMIE
								xATGBMsEzQTe
								BOAE4gTnBOkE
								+gT8BP4FAwUF
								BRYFGAUaBR8F
								IQUyBTQFNgU7
								BT0FTgVQBVIF
								VwVZBWIFagVv
								BXEFggWLBaEF
								pgW8BcUF2wXi
								Be8F/AYBBgMG
								BQYKBgwGDgYQ
								BhkGMgY3BkAG
								SgZWBmsGbQZv
								BnEGcwZ1BncG
								hAaJBo4GkwaY
								BqEGqgavBrgG
								xQbKBswGzgbT
								BtUG1wbZBuEG
								6gbwBvIG9AcJ
								Bw0HEwcYBx4H
								IAclByoHLwc0
								Bz0HRgdLB1QH
								XQdzB3gHjgeb
								B6AHogekB6kH
								qwetB68Htwf2
								B/sH/QgCCAcI
								CQgLCBAIEggX
								CBwIIQgmCCsI
								LQgyCDsIVAhW
								CFgIWghcCF4I
								YAhiCGQIZgho
								CGoIbAhuCH8I
								gQiDCIgIigib
								CJ0InwikCKYI
								twi5CLsIwAjC
								CNMI1QjXCNwI
								3gjvCPEI8wj4
								CPoJCwkNCQ8J
								FAkWCScJKQkr
								CTAJMglDCUUJ
								RwlMCU4JXwlh
								CWMJaAlqCXsJ
								fQl/CYQJhgmX
								CZkJmwmgCaIJ
								swm1CbcJvAm+
								Cc8J3AnhCeMJ
								5QnqCewJ7gnw
								CfgKEQoTChUK
								FwoZChsKHQoi
								CicKLAoxCjoK
								UApVCmsKfQqC
								CpYAAAAAAAAC
								AgAAAAAAAAFj
								AAAAAAAAAAAA
								AAAAAAAKmA==
															</data>
															<key>constrainedWidth</key>
															<integer>300</integer>
															<key>shrinkToFitContent</key>
															<integer>1</integer>
															<key>text</key>
															<string>{\rtf1\ansi\ansicpg1252\cocoartf1187
{\fonttbl\f0\fnil\fcharset0 LucidaGrande;}
{\colortbl;\red255\green255\blue255;}
\pard\tx560\tx1120\tx1680\tx2240\tx2800\tx3360\tx3920\tx4480\tx5040\tx5600\tx6160\tx6720\pardirnatural

\f0\fs24 \cf0 With knowledge of accidental victim's presence, \cf0 Stoshak v. East Baton Rouge Parish School Board}</string>
														</dict>
													</dict>
												</array>
												<key>title</key>
												<dict>
													<key>attributedText</key>
													<data>
								YnBsaXN0MDDU
								AQIDBAUG5OVY
								JHZlcnNpb25Y
								JG9iamVjdHNZ
								JGFyY2hpdmVy
								VCR0b3ASAAGG
								oK8QLQcIDxAX
								ICEiIycxODxA
								SElndn1+goeM
								kZaboKWqr7S5
								vL2+wsrL19jZ
								2tvc4FUkbnVs
								bNMJCgsMDQ5W
								c3RyaW5nWmF0
								dHJpYnV0ZXNW
								JGNsYXNzgAKA
								A4AsXxASVHJh
								bnNmZXJyZWQg
								SW50ZW500hEL
								EhZaTlMub2Jq
								ZWN0c6MTFBWA
								BIANgCOAH9MY
								EQsZHB9XTlMu
								a2V5c6IaG4AF
								gAaiHR6AB4AI
								gAxfECRrTU5B
								dHRyaWJ1dGVk
								U3RyaW5nQXR0
								cmlidXRlUmFu
								Z2VLZXlfEChr
								TU5BdHRyaWJ1
								dGVkU3RyaW5n
								QXR0cmlidXRl
								QXR0cmlidXRl
								S2V5V3swLCAx
								OH3SJAslJlVj
								b2xvcoAJgAvV
								CygpKissLS4v
								MFNyZWRVYWxw
								aGFUYmx1ZVVn
								cmVlboAKIgAA
								AAAiP4AAACIA
								AAAAIgAAAADS
								MjM0NVokY2xh
								c3NuYW1lWCRj
								bGFzc2VzWE1O
								Q0NvbG9yojY3
								WE1OQ0NvbG9y
								WE5TT2JqZWN0
								0jIzOTpfEBNN
								TkFTRm9yZWdy
								b3VuZENvbG9y
								ojs3XxATTU5B
								U0ZvcmVncm91
								bmRDb2xvctIy
								Mz0+XxATTlNN
								dXRhYmxlRGlj
								dGlvbmFyeaM9
								PzdcTlNEaWN0
								aW9uYXJ50xgR
								C0FEH6IaG4AF
								gAaiRUaADoAP
								gAxXezAsIDE4
								fd8QD0pLTE1O
								C09QUVJTVFVW
								V1hZWltcXV5f
								YGFiY2RlZl8Q
								EW1heGltdW1M
								aW5lSGVpZ2h0
								WHRhYlN0b3Bz
								XxAQcGFyYWdy
								YXBoU3BhY2lu
								Z1poZWFkSW5k
								ZW50XWxpbmVC
								cmVha01vZGVb
								bGluZVNwYWNp
								bmdZYWxpZ25t
								ZW50WnRhaWxJ
								bmRlbnRfEBFt
								aW5pbXVtTGlu
								ZUhlaWdodF8Q
								FnBhcmFncmFw
								aFNwYWNpbmdC
								ZWZvcmVfEBJk
								ZWZhdWx0VGFi
								SW50ZXJ2YWxf
								EBJmaXJzdExp
								bmVIZWFkSWRl
								bnRfEBRiYXNl
								V3JpdGluZ0Rp
								cmVjdGlvbl8Q
								EmxpbmVIZWln
								aHRNdWx0aXBs
								ZSIAAAAAgBAi
								AAAAACIAAAAA
								gBKAIiIAAAAA
								gCAiAAAAACIA
								AAAAIgAAAAAi
								AAAAACIAAAAA
								gCEiAAAAANIR
								C2gWrGlqa2xt
								bm9wcXJzdIAR
								gBSAFYAWgBeA
								GIAZgBqAG4Ac
								gB2AHoAf1FB3
								eAtcent8V29w
								dGlvbnNYbG9j
								YXRpb26AEoAA
								IkHgAACAExAA
								0jIzf4BbTU5B
								U1RleHRUYWKi
								gTdbTU5BU1Rl
								eHRUYWLUUHd4
								C1x6hXyAEoAA
								IkJgAACAE9RQ
								d3gLXHqKfIAS
								gAAiQqgAAIAT
								1FB3eAtceo98
								gBKAACJC4AAA
								gBPUUHd4C1x6
								lHyAEoAAIkMM
								AACAE9RQd3gL
								XHqZfIASgAAi
								QygAAIAT1FB3
								eAtcep58gBKA
								ACJDRAAAgBPU
								UHd4C1x6o3yA
								EoAAIkNgAACA
								E9RQd3gLXHqo
								fIASgAAiQ3wA
								AIAT1FB3eAtc
								eq18gBKAACJD
								jAAAgBPUUHd4
								C1x6snyAEoAA
								IkOaAACAE9RQ
								d3gLXHq3fIAS
								gAAiQ6gAAIAT
								0jIzurtXTlNB
								cnJheaK6NxAE
								FAAAAAAAAAAA
								///////////S
								MjO/wF8QE01O
								QVNQYXJhZ3Jh
								cGh5U3R5bGWi
								wTdfEBNNTkFT
								UGFyYWdyYXBo
								eVN0eWxl0xgR
								C8PGH6IaG4AF
								gAaix8iAJIAl
								gAxXezAsIDE4
								fdbMzc7P0AvR
								0tPU1dZUc2l6
								ZVhmb250TmFt
								ZVlleHBhbnNp
								b25bb2JsaXF1
								ZW5lc3NfEBJi
								YXNlbGluZUFk
								anVzdG1lbnSA
								J4AmgCqAKYAo
								gCtfEBFMdWNp
								ZGFHcmFuZGUt
								Qm9sZCJBQAAA
								IgAAAAAiAAAA
								ACIAAAAA0jIz
								3d5YTU5BU0Zv
								bnSi3zdYTU5B
								U0ZvbnTSMjPh
								4l8QE01OQ0F0
								dHJpYnV0ZWRT
								dHJpbmei4zdf
								EBNNTkNBdHRy
								aWJ1dGVkU3Ry
								aW5nXxAPTlNL
								ZXllZEFyY2hp
								dmVy0ebnXxAR
								TU5DMGRlclJv
								b3RPYmplY3SA
								AQAIABEAGgAj
								AC0AMgA3AGcA
								bQB0AHsAhgCN
								AI8AkQCTAKgA
								rQC4ALwAvgDA
								AMIAxADLANMA
								1gDYANoA3QDf
								AOEA4wEKATUB
								PQFCAUgBSgFM
								AVcBWwFhAWYB
								bAFuAXMBeAF9
								AYIBhwGSAZsB
								pAGnAbABuQG+
								AdQB1wHtAfIC
								CAIMAhkCIAIj
								AiUCJwIqAiwC
								LgIwAjgCWQJt
								AnYCiQKUAqIC
								rgK4AsMC1wLw
								AwUDGgMxA0YD
								SwNNA1IDVwNZ
								A1sDYANiA2cD
								bANxA3YDewN9
								A4IDhwOUA5YD
								mAOaA5wDngOg
								A6IDpAOmA6gD
								qgOsA64DtwO/
								A8gDygPMA9ED
								0wPVA9oD5gPp
								A/UD/gQABAIE
								BwQJBBIEFAQW
								BBsEHQQmBCgE
								KgQvBDEEOgQ8
								BD4EQwRFBE4E
								UARSBFcEWQRi
								BGQEZgRrBG0E
								dgR4BHoEfwSB
								BIoEjASOBJME
								lQSeBKAEogSn
								BKkEsgS0BLYE
								uwS9BMYEyATK
								BM8E0QTWBN4E
								4QTjBPQE+QUP
								BRIFKAUvBTIF
								NAU2BTkFOwU9
								BT8FRwVUBVkF
								YgVsBXgFjQWP
								BZEFkwWVBZcF
								mQWtBbIFtwW8
								BcEFxgXPBdIF
								2wXgBfYF+QYP
								BiEGJAY4AAAA
								AAAAAgEAAAAA
								AAAA6AAAAAAA
								AAAAAAAAAAAA
								Bjo=
													</data>
													<key>constrainedWidth</key>
													<integer>300</integer>
													<key>shrinkToFitContent</key>
													<integer>1</integer>
													<key>text</key>
													<string>{\rtf1\ansi\ansicpg1252\cocoartf1187
{\fonttbl\f0\fnil\fcharset0 LucidaGrande;}
{\colortbl;\red255\green255\blue255;}
\pard\tx560\tx1120\tx1680\tx2240\tx2800\tx3360\tx3920\tx4480\tx5040\tx5600\tx6160\tx6720\pardirnatural

\f0\b\fs24 \cf0 Transferred Intent}</string>
												</dict>
											</dict>
											<dict>
												<key>contentAlignment</key>
												<integer>1</integer>
												<key>fillColor</key>
												<string>{1.000, 1.000, 1.000, 1.000}</string>
												<key>isDecreasingBranchThickness</key>
												<true/>
												<key>isDrawingFill</key>
												<false/>
												<key>isLeftAligned</key>
												<false/>
												<key>location</key>
												<string>{580.1958965954816, -39.492455521174861}</string>
												<key>nodeID</key>
												<string>318F888E-115B-486D-B0A4-CD1806D0577C</string>
												<key>strokeColor</key>
												<string>{0.800, 1.000, 0.400, 1.000}</string>
												<key>strokeStyle</key>
												<integer>0</integer>
												<key>strokeWidth</key>
												<real>3</real>
												<key>subnodes</key>
												<array/>
												<key>title</key>
												<dict>
													<key>attributedText</key>
													<data>
								YnBsaXN0MDDU
								AQIDBAUG5OVY
								JHZlcnNpb25Y
								JG9iamVjdHNZ
								JGFyY2hpdmVy
								VCR0b3ASAAGG
								oK8QLQcIDxAX
								ICEiIycxODxA
								SElndn1+goeM
								kZaboKWqr7S5
								vL2+wsrL19jZ
								2tvc4FUkbnVs
								bNMJCgsMDQ5W
								c3RyaW5nWmF0
								dHJpYnV0ZXNW
								JGNsYXNzgAKA
								A4AsW0R1YWwg
								aW50ZW500hEL
								EhZaTlMub2Jq
								ZWN0c6MTFBWA
								BIANgCOAH9MY
								EQsZHB9XTlMu
								a2V5c6IaG4AF
								gAaiHR6AB4AI
								gAxfECRrTU5B
								dHRyaWJ1dGVk
								U3RyaW5nQXR0
								cmlidXRlUmFu
								Z2VLZXlfEChr
								TU5BdHRyaWJ1
								dGVkU3RyaW5n
								QXR0cmlidXRl
								QXR0cmlidXRl
								S2V5V3swLCAx
								MX3SJAslJlVj
								b2xvcoAJgAvV
								CygpKissLS4v
								MFNyZWRVYWxw
								aGFUYmx1ZVVn
								cmVlboAKIgAA
								AAAiP4AAACIA
								AAAAIgAAAADS
								MjM0NVokY2xh
								c3NuYW1lWCRj
								bGFzc2VzWE1O
								Q0NvbG9yojY3
								WE1OQ0NvbG9y
								WE5TT2JqZWN0
								0jIzOTpfEBNN
								TkFTRm9yZWdy
								b3VuZENvbG9y
								ojs3XxATTU5B
								U0ZvcmVncm91
								bmRDb2xvctIy
								Mz0+XxATTlNN
								dXRhYmxlRGlj
								dGlvbmFyeaM9
								PzdcTlNEaWN0
								aW9uYXJ50xgR
								C0FEH6IaG4AF
								gAaiRUaADoAP
								gAxXezAsIDEx
								fd8QD0pLTE1O
								C09QUVJTVFVW
								V1hZWltcXV5f
								YGFiY2RlZl8Q
								EW1heGltdW1M
								aW5lSGVpZ2h0
								WHRhYlN0b3Bz
								XxAQcGFyYWdy
								YXBoU3BhY2lu
								Z1poZWFkSW5k
								ZW50XWxpbmVC
								cmVha01vZGVb
								bGluZVNwYWNp
								bmdZYWxpZ25t
								ZW50WnRhaWxJ
								bmRlbnRfEBFt
								aW5pbXVtTGlu
								ZUhlaWdodF8Q
								FnBhcmFncmFw
								aFNwYWNpbmdC
								ZWZvcmVfEBJk
								ZWZhdWx0VGFi
								SW50ZXJ2YWxf
								EBJmaXJzdExp
								bmVIZWFkSWRl
								bnRfEBRiYXNl
								V3JpdGluZ0Rp
								cmVjdGlvbl8Q
								EmxpbmVIZWln
								aHRNdWx0aXBs
								ZSIAAAAAgBAi
								AAAAACIAAAAA
								gBKAIiIAAAAA
								gCAiAAAAACIA
								AAAAIgAAAAAi
								AAAAACIAAAAA
								gCEiAAAAANIR
								C2gWrGlqa2xt
								bm9wcXJzdIAR
								gBSAFYAWgBeA
								GIAZgBqAG4Ac
								gB2AHoAf1FB3
								eAtcent8V29w
								dGlvbnNYbG9j
								YXRpb26AEoAA
								IkHgAACAExAA
								0jIzf4BbTU5B
								U1RleHRUYWKi
								gTdbTU5BU1Rl
								eHRUYWLUUHd4
								C1x6hXyAEoAA
								IkJgAACAE9RQ
								d3gLXHqKfIAS
								gAAiQqgAAIAT
								1FB3eAtceo98
								gBKAACJC4AAA
								gBPUUHd4C1x6
								lHyAEoAAIkMM
								AACAE9RQd3gL
								XHqZfIASgAAi
								QygAAIAT1FB3
								eAtcep58gBKA
								ACJDRAAAgBPU
								UHd4C1x6o3yA
								EoAAIkNgAACA
								E9RQd3gLXHqo
								fIASgAAiQ3wA
								AIAT1FB3eAtc
								eq18gBKAACJD
								jAAAgBPUUHd4
								C1x6snyAEoAA
								IkOaAACAE9RQ
								d3gLXHq3fIAS
								gAAiQ6gAAIAT
								0jIzurtXTlNB
								cnJheaK6NxAE
								FAAAAAAAAAAA
								///////////S
								MjO/wF8QE01O
								QVNQYXJhZ3Jh
								cGh5U3R5bGWi
								wTdfEBNNTkFT
								UGFyYWdyYXBo
								eVN0eWxl0xgR
								C8PGH6IaG4AF
								gAaix8iAJIAl
								gAxXezAsIDEx
								fdbMzc7P0AvR
								0tPU1dZUc2l6
								ZVhmb250TmFt
								ZVlleHBhbnNp
								b25bb2JsaXF1
								ZW5lc3NfEBJi
								YXNlbGluZUFk
								anVzdG1lbnSA
								J4AmgCqAKYAo
								gCtcTHVjaWRh
								R3JhbmRlIkFA
								AAAiAAAAACIA
								AAAAIgAAAADS
								MjPd3lhNTkFT
								Rm9udKLfN1hN
								TkFTRm9udNIy
								M+HiXxATTU5D
								QXR0cmlidXRl
								ZFN0cmluZ6Lj
								N18QE01OQ0F0
								dHJpYnV0ZWRT
								dHJpbmdfEA9O
								U0tleWVkQXJj
								aGl2ZXLR5udf
								EBFNTkMwZGVy
								Um9vdE9iamVj
								dIABAAgAEQAa
								ACMALQAyADcA
								ZwBtAHQAewCG
								AI0AjwCRAJMA
								nwCkAK8AswC1
								ALcAuQC7AMIA
								ygDNAM8A0QDU
								ANYA2ADaAQEB
								LAE0ATkBPwFB
								AUMBTgFSAVgB
								XQFjAWUBagFv
								AXQBeQF+AYkB
								kgGbAZ4BpwGw
								AbUBywHOAeQB
								6QH/AgMCEAIX
								AhoCHAIeAiEC
								IwIlAicCLwJQ
								AmQCbQKAAosC
								mQKlAq8CugLO
								AucC/AMRAygD
								PQNCA0QDSQNO
								A1ADUgNXA1kD
								XgNjA2gDbQNy
								A3QDeQN+A4sD
								jQOPA5EDkwOV
								A5cDmQObA50D
								nwOhA6MDpQOu
								A7YDvwPBA8MD
								yAPKA8wD0QPd
								A+AD7AP1A/cD
								+QP+BAAECQQL
								BA0EEgQUBB0E
								HwQhBCYEKAQx
								BDMENQQ6BDwE
								RQRHBEkETgRQ
								BFkEWwRdBGIE
								ZARtBG8EcQR2
								BHgEgQSDBIUE
								igSMBJUElwSZ
								BJ4EoASpBKsE
								rQSyBLQEvQS/
								BMEExgTIBM0E
								1QTYBNoE6wTw
								BQYFCQUfBSYF
								KQUrBS0FMAUy
								BTQFNgU+BUsF
								UAVZBWMFbwWE
								BYYFiAWKBYwF
								jgWQBZ0FogWn
								BawFsQW2Bb8F
								wgXLBdAF5gXp
								Bf8GEQYUBigA
								AAAAAAACAQAA
								AAAAAADoAAAA
								AAAAAAAAAAAA
								AAAGKg==
													</data>
													<key>constrainedWidth</key>
													<integer>300</integer>
													<key>shrinkToFitContent</key>
													<integer>1</integer>
													<key>text</key>
													<string>{\rtf1\ansi\ansicpg1252\cocoartf1187
{\fonttbl\f0\fnil\fcharset0 LucidaGrande;}
{\colortbl;\red255\green255\blue255;}
\pard\tx560\tx1120\tx1680\tx2240\tx2800\tx3360\tx3920\tx4480\tx5040\tx5600\tx6160\tx6720\pardirnatural

\f0\fs24 \cf0 Dual intent}</string>
												</dict>
											</dict>
										</array>
										<key>title</key>
										<dict>
											<key>attributedText</key>
											<data>
								YnBsaXN0MDDU
								AQIDBAUG5OVY
								JHZlcnNpb25Y
								JG9iamVjdHNZ
								JGFyY2hpdmVy
								VCR0b3ASAAGG
								oK8QLQcIDxAX
								ICEiIycxODxA
								SElndn1+goeM
								kZaboKWqr7S5
								vL2+wsrL19jZ
								2tvc4FUkbnVs
								bNMJCgsMDQ5W
								c3RyaW5nWmF0
								dHJpYnV0ZXNW
								JGNsYXNzgAKA
								A4AsXkludGVu
								dCB0byBoYXJt
								0hELEhZaTlMu
								b2JqZWN0c6MT
								FBWABIANgCOA
								H9MYEQsZHB9X
								TlMua2V5c6Ia
								G4AFgAaiHR6A
								B4AIgAxfECRr
								TU5BdHRyaWJ1
								dGVkU3RyaW5n
								QXR0cmlidXRl
								UmFuZ2VLZXlf
								EChrTU5BdHRy
								aWJ1dGVkU3Ry
								aW5nQXR0cmli
								dXRlQXR0cmli
								dXRlS2V5V3sw
								LCAxNH3SJAsl
								JlVjb2xvcoAJ
								gAvVCygpKiss
								LS4vMFNyZWRV
								YWxwaGFUYmx1
								ZVVncmVlboAK
								IgAAAAAiP4AA
								ACIAAAAAIgAA
								AADSMjM0NVok
								Y2xhc3NuYW1l
								WCRjbGFzc2Vz
								WE1OQ0NvbG9y
								ojY3WE1OQ0Nv
								bG9yWE5TT2Jq
								ZWN00jIzOTpf
								EBNNTkFTRm9y
								ZWdyb3VuZENv
								bG9yojs3XxAT
								TU5BU0ZvcmVn
								cm91bmRDb2xv
								ctIyMz0+XxAT
								TlNNdXRhYmxl
								RGljdGlvbmFy
								eaM9PzdcTlNE
								aWN0aW9uYXJ5
								0xgRC0FEH6Ia
								G4AFgAaiRUaA
								DoAPgAxXezAs
								IDE0fd8QD0pL
								TE1OC09QUVJT
								VFVWV1hZWltc
								XV5fYGFiY2Rl
								Zl8QEW1heGlt
								dW1MaW5lSGVp
								Z2h0WHRhYlN0
								b3BzXxAQcGFy
								YWdyYXBoU3Bh
								Y2luZ1poZWFk
								SW5kZW50XWxp
								bmVCcmVha01v
								ZGVbbGluZVNw
								YWNpbmdZYWxp
								Z25tZW50WnRh
								aWxJbmRlbnRf
								EBFtaW5pbXVt
								TGluZUhlaWdo
								dF8QFnBhcmFn
								cmFwaFNwYWNp
								bmdCZWZvcmVf
								EBJkZWZhdWx0
								VGFiSW50ZXJ2
								YWxfEBJmaXJz
								dExpbmVIZWFk
								SWRlbnRfEBRi
								YXNlV3JpdGlu
								Z0RpcmVjdGlv
								bl8QEmxpbmVI
								ZWlnaHRNdWx0
								aXBsZSIAAAAA
								gBAiAAAAACIA
								AAAAgBKAIiIA
								AAAAgCAiAAAA
								ACIAAAAAIgAA
								AAAiAAAAACIA
								AAAAgCEiAAAA
								ANIRC2gWrGlq
								a2xtbm9wcXJz
								dIARgBSAFYAW
								gBeAGIAZgBqA
								G4AcgB2AHoAf
								1FB3eAtcent8
								V29wdGlvbnNY
								bG9jYXRpb26A
								EoAAIkHgAACA
								ExAA0jIzf4Bb
								TU5BU1RleHRU
								YWKigTdbTU5B
								U1RleHRUYWLU
								UHd4C1x6hXyA
								EoAAIkJgAACA
								E9RQd3gLXHqK
								fIASgAAiQqgA
								AIAT1FB3eAtc
								eo98gBKAACJC
								4AAAgBPUUHd4
								C1x6lHyAEoAA
								IkMMAACAE9RQ
								d3gLXHqZfIAS
								gAAiQygAAIAT
								1FB3eAtcep58
								gBKAACJDRAAA
								gBPUUHd4C1x6
								o3yAEoAAIkNg
								AACAE9RQd3gL
								XHqofIASgAAi
								Q3wAAIAT1FB3
								eAtceq18gBKA
								ACJDjAAAgBPU
								UHd4C1x6snyA
								EoAAIkOaAACA
								E9RQd3gLXHq3
								fIASgAAiQ6gA
								AIAT0jIzurtX
								TlNBcnJheaK6
								NxAEFAAAAAAA
								AAAA////////
								///SMjO/wF8Q
								E01OQVNQYXJh
								Z3JhcGh5U3R5
								bGWiwTdfEBNN
								TkFTUGFyYWdy
								YXBoeVN0eWxl
								0xgRC8PGH6Ia
								G4AFgAaix8iA
								JIAlgAxXezAs
								IDE0fdbMzc7P
								0AvR0tPU1dZU
								c2l6ZVhmb250
								TmFtZVlleHBh
								bnNpb25bb2Js
								aXF1ZW5lc3Nf
								EBJiYXNlbGlu
								ZUFkanVzdG1l
								bnSAJ4AmgCqA
								KYAogCtfEBFM
								dWNpZGFHcmFu
								ZGUtQm9sZCJB
								QAAAIgAAAAAi
								AAAAACIAAAAA
								0jIz3d5YTU5B
								U0ZvbnSi3zdY
								TU5BU0ZvbnTS
								MjPh4l8QE01O
								Q0F0dHJpYnV0
								ZWRTdHJpbmei
								4zdfEBNNTkNB
								dHRyaWJ1dGVk
								U3RyaW5nXxAP
								TlNLZXllZEFy
								Y2hpdmVy0ebn
								XxARTU5DMGRl
								clJvb3RPYmpl
								Y3SAAQAIABEA
								GgAjAC0AMgA3
								AGcAbQB0AHsA
								hgCNAI8AkQCT
								AKIApwCyALYA
								uAC6ALwAvgDF
								AM0A0ADSANQA
								1wDZANsA3QEE
								AS8BNwE8AUIB
								RAFGAVEBVQFb
								AWABZgFoAW0B
								cgF3AXwBgQGM
								AZUBngGhAaoB
								swG4Ac4B0QHn
								AewCAgIGAhMC
								GgIdAh8CIQIk
								AiYCKAIqAjIC
								UwJnAnACgwKO
								ApwCqAKyAr0C
								0QLqAv8DFAMr
								A0ADRQNHA0wD
								UQNTA1UDWgNc
								A2EDZgNrA3AD
								dQN3A3wDgQOO
								A5ADkgOUA5YD
								mAOaA5wDngOg
								A6IDpAOmA6gD
								sQO5A8IDxAPG
								A8sDzQPPA9QD
								4APjA+8D+AP6
								A/wEAQQDBAwE
								DgQQBBUEFwQg
								BCIEJAQpBCsE
								NAQ2BDgEPQQ/
								BEgESgRMBFEE
								UwRcBF4EYARl
								BGcEcARyBHQE
								eQR7BIQEhgSI
								BI0EjwSYBJoE
								nAShBKMErASu
								BLAEtQS3BMAE
								wgTEBMkEywTQ
								BNgE2wTdBO4E
								8wUJBQwFIgUp
								BSwFLgUwBTMF
								NQU3BTkFQQVO
								BVMFXAVmBXIF
								hwWJBYsFjQWP
								BZEFkwWnBawF
								sQW2BbsFwAXJ
								BcwF1QXaBfAF
								8wYJBhsGHgYy
								AAAAAAAAAgEA
								AAAAAAAA6AAA
								AAAAAAAAAAAA
								AAAABjQ=
											</data>
											<key>constrainedWidth</key>
											<integer>300</integer>
											<key>shrinkToFitContent</key>
											<integer>1</integer>
											<key>text</key>
											<string>{\rtf1\ansi\ansicpg1252\cocoartf1187
{\fonttbl\f0\fnil\fcharset0 LucidaGrande;}
{\colortbl;\red255\green255\blue255;}
\pard\tx560\tx1120\tx1680\tx2240\tx2800\tx3360\tx3920\tx4480\tx5040\tx5600\tx6160\tx6720\pardirnatural

\f0\b\fs24 \cf0 Intent to harm}</string>
										</dict>
									</dict>
								</array>
								<key>title</key>
								<dict>
									<key>attributedText</key>
									<data>
								YnBsaXN0MDDU
								AQIDBAUG5OVY
								JHZlcnNpb25Y
								JG9iamVjdHNZ
								JGFyY2hpdmVy
								VCR0b3ASAAGG
								oK8QLQcIDxAX
								ICEiIycxODxA
								SElndn1+goeM
								kZaboKWqr7S5
								vL2+wsrL19jZ
								2tvc4FUkbnVs
								bNMJCgsMDQ5W
								c3RyaW5nWmF0
								dHJpYnV0ZXNW
								JGNsYXNzgAKA
								A4AsXxAWSW50
								ZW50IHRvIE1h
								a2UgY29udGFj
								dNIRCxIWWk5T
								Lm9iamVjdHOj
								ExQVgASADYAj
								gB/TGBELGRwf
								V05TLmtleXOi
								GhuABYAGoh0e
								gAeACIAMXxAk
								a01OQXR0cmli
								dXRlZFN0cmlu
								Z0F0dHJpYnV0
								ZVJhbmdlS2V5
								XxAoa01OQXR0
								cmlidXRlZFN0
								cmluZ0F0dHJp
								YnV0ZUF0dHJp
								YnV0ZUtleVd7
								MCwgMjJ90iQL
								JSZVY29sb3KA
								CYAL1QsoKSor
								LC0uLzBTcmVk
								VWFscGhhVGJs
								dWVVZ3JlZW6A
								CiIAAAAAIj+A
								AAAiAAAAACIA
								AAAA0jIzNDVa
								JGNsYXNzbmFt
								ZVgkY2xhc3Nl
								c1hNTkNDb2xv
								cqI2N1hNTkND
								b2xvclhOU09i
								amVjdNIyMzk6
								XxATTU5BU0Zv
								cmVncm91bmRD
								b2xvcqI7N18Q
								E01OQVNGb3Jl
								Z3JvdW5kQ29s
								b3LSMjM9Pl8Q
								E05TTXV0YWJs
								ZURpY3Rpb25h
								cnmjPT83XE5T
								RGljdGlvbmFy
								edMYEQtBRB+i
								GhuABYAGokVG
								gA6AD4AMV3sw
								LCAyMn3fEA9K
								S0xNTgtPUFFS
								U1RVVldYWVpb
								XF1eX2BhYmNk
								ZWZfEBFtYXhp
								bXVtTGluZUhl
								aWdodFh0YWJT
								dG9wc18QEHBh
								cmFncmFwaFNw
								YWNpbmdaaGVh
								ZEluZGVudF1s
								aW5lQnJlYWtN
								b2RlW2xpbmVT
								cGFjaW5nWWFs
								aWdubWVudFp0
								YWlsSW5kZW50
								XxARbWluaW11
								bUxpbmVIZWln
								aHRfEBZwYXJh
								Z3JhcGhTcGFj
								aW5nQmVmb3Jl
								XxASZGVmYXVs
								dFRhYkludGVy
								dmFsXxASZmly
								c3RMaW5lSGVh
								ZElkZW50XxAU
								YmFzZVdyaXRp
								bmdEaXJlY3Rp
								b25fEBJsaW5l
								SGVpZ2h0TXVs
								dGlwbGUiAAAA
								AIAQIgAAAAAi
								AAAAAIASgCIi
								AAAAAIAgIgAA
								AAAiAAAAACIA
								AAAAIgAAAAAi
								AAAAAIAhIgAA
								AADSEQtoFqxp
								amtsbW5vcHFy
								c3SAEYAUgBWA
								FoAXgBiAGYAa
								gBuAHIAdgB6A
								H9RQd3gLXHp7
								fFdvcHRpb25z
								WGxvY2F0aW9u
								gBKAACJB4AAA
								gBMQANIyM3+A
								W01OQVNUZXh0
								VGFiooE3W01O
								QVNUZXh0VGFi
								1FB3eAtceoV8
								gBKAACJCYAAA
								gBPUUHd4C1x6
								inyAEoAAIkKo
								AACAE9RQd3gL
								XHqPfIASgAAi
								QuAAAIAT1FB3
								eAtcepR8gBKA
								ACJDDAAAgBPU
								UHd4C1x6mXyA
								EoAAIkMoAACA
								E9RQd3gLXHqe
								fIASgAAiQ0QA
								AIAT1FB3eAtc
								eqN8gBKAACJD
								YAAAgBPUUHd4
								C1x6qHyAEoAA
								IkN8AACAE9RQ
								d3gLXHqtfIAS
								gAAiQ4wAAIAT
								1FB3eAtcerJ8
								gBKAACJDmgAA
								gBPUUHd4C1x6
								t3yAEoAAIkOo
								AACAE9IyM7q7
								V05TQXJyYXmi
								ujcQBBQAAAAA
								AAAAAP//////
								////0jIzv8Bf
								EBNNTkFTUGFy
								YWdyYXBoeVN0
								eWxlosE3XxAT
								TU5BU1BhcmFn
								cmFwaHlTdHls
								ZdMYEQvDxh+i
								GhuABYAGosfI
								gCSAJYAMV3sw
								LCAyMn3WzM3O
								z9AL0dLT1NXW
								VHNpemVYZm9u
								dE5hbWVZZXhw
								YW5zaW9uW29i
								bGlxdWVuZXNz
								XxASYmFzZWxp
								bmVBZGp1c3Rt
								ZW50gCeAJoAq
								gCmAKIArXxAR
								THVjaWRhR3Jh
								bmRlLUJvbGQi
								QUAAACIAAAAA
								IgAAAAAiAAAA
								ANIyM93eWE1O
								QVNGb250ot83
								WE1OQVNGb250
								0jIz4eJfEBNN
								TkNBdHRyaWJ1
								dGVkU3RyaW5n
								ouM3XxATTU5D
								QXR0cmlidXRl
								ZFN0cmluZ18Q
								D05TS2V5ZWRB
								cmNoaXZlctHm
								518QEU1OQzBk
								ZXJSb290T2Jq
								ZWN0gAEACAAR
								ABoAIwAtADIA
								NwBnAG0AdAB7
								AIYAjQCPAJEA
								kwCsALEAvADA
								AMIAxADGAMgA
								zwDXANoA3ADe
								AOEA4wDlAOcB
								DgE5AUEBRgFM
								AU4BUAFbAV8B
								ZQFqAXABcgF3
								AXwBgQGGAYsB
								lgGfAagBqwG0
								Ab0BwgHYAdsB
								8QH2AgwCEAId
								AiQCJwIpAisC
								LgIwAjICNAI8
								Al0CcQJ6Ao0C
								mAKmArICvALH
								AtsC9AMJAx4D
								NQNKA08DUQNW
								A1sDXQNfA2QD
								ZgNrA3ADdQN6
								A38DgQOGA4sD
								mAOaA5wDngOg
								A6IDpAOmA6gD
								qgOsA64DsAOy
								A7sDwwPMA84D
								0APVA9cD2QPe
								A+oD7QP5BAIE
								BAQGBAsEDQQW
								BBgEGgQfBCEE
								KgQsBC4EMwQ1
								BD4EQARCBEcE
								SQRSBFQEVgRb
								BF0EZgRoBGoE
								bwRxBHoEfAR+
								BIMEhQSOBJAE
								kgSXBJkEogSk
								BKYEqwStBLYE
								uAS6BL8EwQTK
								BMwEzgTTBNUE
								2gTiBOUE5wT4
								BP0FEwUWBSwF
								MwU2BTgFOgU9
								BT8FQQVDBUsF
								WAVdBWYFcAV8
								BZEFkwWVBZcF
								mQWbBZ0FsQW2
								BbsFwAXFBcoF
								0wXWBd8F5AX6
								Bf0GEwYlBigG
								PAAAAAAAAAIB
								AAAAAAAAAOgA
								AAAAAAAAAAAA
								AAAAAAY+
									</data>
									<key>constrainedWidth</key>
									<integer>300</integer>
									<key>shrinkToFitContent</key>
									<integer>1</integer>
									<key>text</key>
									<string>{\rtf1\ansi\ansicpg1252\cocoartf1187
{\fonttbl\f0\fnil\fcharset0 LucidaGrande;}
{\colortbl;\red255\green255\blue255;}
\pard\tx560\tx1120\tx1680\tx2240\tx2800\tx3360\tx3920\tx4480\tx5040\tx5600\tx6160\tx6720\pardirnatural

\f0\b\fs24 \cf0 Intent to Make contact}</string>
								</dict>
							</dict>
						</array>
						<key>title</key>
						<dict>
							<key>attributedText</key>
							<data>
							YnBsaXN0MDDUAQIDBAUG
							5OVYJHZlcnNpb25YJG9i
							amVjdHNZJGFyY2hpdmVy
							VCR0b3ASAAGGoK8QLQcI
							DxAXICEiIycxODxASEln
							dn1+goeMkZaboKWqr7S5
							vL2+wsrL19jZ2tvc4FUk
							bnVsbNMJCgsMDQ5Wc3Ry
							aW5nWmF0dHJpYnV0ZXNW
							JGNsYXNzgAKAA4AsVklu
							dGVudNIRCxIWWk5TLm9i
							amVjdHOjExQVgASADYAj
							gB/TGBELGRwfV05TLmtl
							eXOiGhuABYAGoh0egAeA
							CIAMXxAka01OQXR0cmli
							dXRlZFN0cmluZ0F0dHJp
							YnV0ZVJhbmdlS2V5XxAo
							a01OQXR0cmlidXRlZFN0
							cmluZ0F0dHJpYnV0ZUF0
							dHJpYnV0ZUtleVZ7MCwg
							Nn3SJAslJlVjb2xvcoAJ
							gAvVCygpKissLS4vMFNy
							ZWRVYWxwaGFUYmx1ZVVn
							cmVlboAKIgAAAAAiP4AA
							ACIAAAAAIgAAAADSMjM0
							NVokY2xhc3NuYW1lWCRj
							bGFzc2VzWE1OQ0NvbG9y
							ojY3WE1OQ0NvbG9yWE5T
							T2JqZWN00jIzOTpfEBNN
							TkFTRm9yZWdyb3VuZENv
							bG9yojs3XxATTU5BU0Zv
							cmVncm91bmRDb2xvctIy
							Mz0+XxATTlNNdXRhYmxl
							RGljdGlvbmFyeaM9Pzdc
							TlNEaWN0aW9uYXJ50xgR
							C0FEH6IaG4AFgAaiRUaA
							DoAPgAxWezAsIDZ93xAP
							SktMTU4LT1BRUlNUVVZX
							WFlaW1xdXl9gYWJjZGVm
							XxARbWF4aW11bUxpbmVI
							ZWlnaHRYdGFiU3RvcHNf
							EBBwYXJhZ3JhcGhTcGFj
							aW5nWmhlYWRJbmRlbnRd
							bGluZUJyZWFrTW9kZVts
							aW5lU3BhY2luZ1lhbGln
							bm1lbnRadGFpbEluZGVu
							dF8QEW1pbmltdW1MaW5l
							SGVpZ2h0XxAWcGFyYWdy
							YXBoU3BhY2luZ0JlZm9y
							ZV8QEmRlZmF1bHRUYWJJ
							bnRlcnZhbF8QEmZpcnN0
							TGluZUhlYWRJZGVudF8Q
							FGJhc2VXcml0aW5nRGly
							ZWN0aW9uXxASbGluZUhl
							aWdodE11bHRpcGxlIgAA
							AACAECIAAAAAIgAAAACA
							EoAiIgAAAACAICIAAAAA
							IgAAAAAiAAAAACIAAAAA
							IgAAAACAISIAAAAA0hEL
							aBasaWprbG1ub3BxcnN0
							gBGAFIAVgBaAF4AYgBmA
							GoAbgByAHYAegB/UUHd4
							C1x6e3xXb3B0aW9uc1hs
							b2NhdGlvboASgAAiQeAA
							AIATEADSMjN/gFtNTkFT
							VGV4dFRhYqKBN1tNTkFT
							VGV4dFRhYtRQd3gLXHqF
							fIASgAAiQmAAAIAT1FB3
							eAtceop8gBKAACJCqAAA
							gBPUUHd4C1x6j3yAEoAA
							IkLgAACAE9RQd3gLXHqU
							fIASgAAiQwwAAIAT1FB3
							eAtcepl8gBKAACJDKAAA
							gBPUUHd4C1x6nnyAEoAA
							IkNEAACAE9RQd3gLXHqj
							fIASgAAiQ2AAAIAT1FB3
							eAtceqh8gBKAACJDfAAA
							gBPUUHd4C1x6rXyAEoAA
							IkOMAACAE9RQd3gLXHqy
							fIASgAAiQ5oAAIAT1FB3
							eAtcerd8gBKAACJDqAAA
							gBPSMjO6u1dOU0FycmF5
							oro3EAQUAAAAAAAAAAD/
							/////////9IyM7/AXxAT
							TU5BU1BhcmFncmFwaHlT
							dHlsZaLBN18QE01OQVNQ
							YXJhZ3JhcGh5U3R5bGXT
							GBELw8YfohobgAWABqLH
							yIAkgCWADFZ7MCwgNn3W
							zM3Oz9AL0dLT1NXWVHNp
							emVYZm9udE5hbWVZZXhw
							YW5zaW9uW29ibGlxdWVu
							ZXNzXxASYmFzZWxpbmVB
							ZGp1c3RtZW50gCeAJoAq
							gCmAKIArXxARTHVjaWRh
							R3JhbmRlLUJvbGQiQUAA
							ACIAAAAAIgAAAAAiAAAA
							ANIyM93eWE1OQVNGb250
							ot83WE1OQVNGb2500jIz
							4eJfEBNNTkNBdHRyaWJ1
							dGVkU3RyaW5nouM3XxAT
							TU5DQXR0cmlidXRlZFN0
							cmluZ18QD05TS2V5ZWRB
							cmNoaXZlctHm518QEU1O
							QzBkZXJSb290T2JqZWN0
							gAEACAARABoAIwAtADIA
							NwBnAG0AdAB7AIYAjQCP
							AJEAkwCaAJ8AqgCuALAA
							sgC0ALYAvQDFAMgAygDM
							AM8A0QDTANUA/AEnAS4B
							MwE5ATsBPQFIAUwBUgFX
							AV0BXwFkAWkBbgFzAXgB
							gwGMAZUBmAGhAaoBrwHF
							AcgB3gHjAfkB/QIKAhEC
							FAIWAhgCGwIdAh8CIQIo
							AkkCXQJmAnkChAKSAp4C
							qAKzAscC4AL1AwoDIQM2
							AzsDPQNCA0cDSQNLA1AD
							UgNXA1wDYQNmA2sDbQNy
							A3cDhAOGA4gDigOMA44D
							kAOSA5QDlgOYA5oDnAOe
							A6cDrwO4A7oDvAPBA8MD
							xQPKA9YD2QPlA+4D8APy
							A/cD+QQCBAQEBgQLBA0E
							FgQYBBoEHwQhBCoELAQu
							BDMENQQ+BEAEQgRHBEkE
							UgRUBFYEWwRdBGYEaARq
							BG8EcQR6BHwEfgSDBIUE
							jgSQBJIElwSZBKIEpASm
							BKsErQS2BLgEugS/BMEE
							xgTOBNEE0wTkBOkE/wUC
							BRgFHwUiBSQFJgUpBSsF
							LQUvBTYFQwVIBVEFWwVn
							BXwFfgWABYIFhAWGBYgF
							nAWhBaYFqwWwBbUFvgXB
							BcoFzwXlBegF/gYQBhMG
							JwAAAAAAAAIBAAAAAAAA
							AOgAAAAAAAAAAAAAAAAA
							AAYp
							</data>
							<key>constrainedWidth</key>
							<integer>300</integer>
							<key>shrinkToFitContent</key>
							<integer>1</integer>
							<key>text</key>
							<string>{\rtf1\ansi\ansicpg1252\cocoartf1187
{\fonttbl\f0\fnil\fcharset0 LucidaGrande;}
{\colortbl;\red255\green255\blue255;}
\pard\tx560\tx1120\tx1680\tx2240\tx2800\tx3360\tx3920\tx4480\tx5040\tx5600\tx6160\tx6720\pardirnatural

\f0\b\fs24 \cf0 Intent}</string>
						</dict>
					</dict>
					<dict>
						<key>contentAlignment</key>
						<integer>1</integer>
						<key>fillColor</key>
						<string>{1.000, 1.000, 1.000, 1.000}</string>
						<key>isDecreasingBranchThickness</key>
						<true/>
						<key>isDrawingFill</key>
						<false/>
						<key>isLeftAligned</key>
						<true/>
						<key>location</key>
						<string>{-109.1484375, -0.7890625}</string>
						<key>nodeID</key>
						<string>4656C833-97E0-4CB4-A3E4-416E14070BCB</string>
						<key>strokeColor</key>
						<string>{0.400, 1.000, 0.800, 1.000}</string>
						<key>strokeStyle</key>
						<integer>0</integer>
						<key>strokeWidth</key>
						<real>6</real>
						<key>subnodes</key>
						<array>
							<dict>
								<key>contentAlignment</key>
								<integer>1</integer>
								<key>fillColor</key>
								<string>{1.000, 1.000, 1.000, 1.000}</string>
								<key>isDecreasingBranchThickness</key>
								<true/>
								<key>isDrawingFill</key>
								<false/>
								<key>isLeftAligned</key>
								<true/>
								<key>location</key>
								<string>{-246.625, -92.2578125}</string>
								<key>nodeID</key>
								<string>D08C0F8C-F3C0-4473-85BD-87FB5DFB1823</string>
								<key>strokeColor</key>
								<string>{0.400, 1.000, 0.800, 1.000}</string>
								<key>strokeStyle</key>
								<integer>0</integer>
								<key>strokeWidth</key>
								<real>5</real>
								<key>subnodes</key>
								<array/>
								<key>title</key>
								<dict>
									<key>attributedText</key>
									<data>
								YnBsaXN0MDDU
								AQIDBAUG5OVY
								JHZlcnNpb25Y
								JG9iamVjdHNZ
								JGFyY2hpdmVy
								VCR0b3ASAAGG
								oK8QLQcIDxAX
								ICEiIycxODxA
								SElndn1+goeM
								kZaboKWqr7S5
								vL2+wsrL19jZ
								2tvc4FUkbnVs
								bNMJCgsMDQ5W
								c3RyaW5nWmF0
								dHJpYnV0ZXNW
								JGNsYXNzgAKA
								A4AsXVBoeXNp
								Y2FsIGhhcm3S
								EQsSFlpOUy5v
								YmplY3RzoxMU
								FYAEgA2AI4Af
								0xgRCxkcH1dO
								Uy5rZXlzohob
								gAWABqIdHoAH
								gAiADF8QJGtN
								TkF0dHJpYnV0
								ZWRTdHJpbmdB
								dHRyaWJ1dGVS
								YW5nZUtleV8Q
								KGtNTkF0dHJp
								YnV0ZWRTdHJp
								bmdBdHRyaWJ1
								dGVBdHRyaWJ1
								dGVLZXlXezAs
								IDEzfdIkCyUm
								VWNvbG9ygAmA
								C9ULKCkqKywt
								Li8wU3JlZFVh
								bHBoYVRibHVl
								VWdyZWVugAoi
								AAAAACI/gAAA
								IgAAAAAiAAAA
								ANIyMzQ1WiRj
								bGFzc25hbWVY
								JGNsYXNzZXNY
								TU5DQ29sb3Ki
								NjdYTU5DQ29s
								b3JYTlNPYmpl
								Y3TSMjM5Ol8Q
								E01OQVNGb3Jl
								Z3JvdW5kQ29s
								b3KiOzdfEBNN
								TkFTRm9yZWdy
								b3VuZENvbG9y
								0jIzPT5fEBNO
								U011dGFibGVE
								aWN0aW9uYXJ5
								oz0/N1xOU0Rp
								Y3Rpb25hcnnT
								GBELQUQfohob
								gAWABqJFRoAO
								gA+ADFd7MCwg
								MTN93xAPSktM
								TU4LT1BRUlNU
								VVZXWFlaW1xd
								Xl9gYWJjZGVm
								XxARbWF4aW11
								bUxpbmVIZWln
								aHRYdGFiU3Rv
								cHNfEBBwYXJh
								Z3JhcGhTcGFj
								aW5nWmhlYWRJ
								bmRlbnRdbGlu
								ZUJyZWFrTW9k
								ZVtsaW5lU3Bh
								Y2luZ1lhbGln
								bm1lbnRadGFp
								bEluZGVudF8Q
								EW1pbmltdW1M
								aW5lSGVpZ2h0
								XxAWcGFyYWdy
								YXBoU3BhY2lu
								Z0JlZm9yZV8Q
								EmRlZmF1bHRU
								YWJJbnRlcnZh
								bF8QEmZpcnN0
								TGluZUhlYWRJ
								ZGVudF8QFGJh
								c2VXcml0aW5n
								RGlyZWN0aW9u
								XxASbGluZUhl
								aWdodE11bHRp
								cGxlIgAAAACA
								ECIAAAAAIgAA
								AACAEoAiIgAA
								AACAICIAAAAA
								IgAAAAAiAAAA
								ACIAAAAAIgAA
								AACAISIAAAAA
								0hELaBasaWpr
								bG1ub3BxcnN0
								gBGAFIAVgBaA
								F4AYgBmAGoAb
								gByAHYAegB/U
								UHd4C1x6e3xX
								b3B0aW9uc1hs
								b2NhdGlvboAS
								gAAiQeAAAIAT
								EADSMjN/gFtN
								TkFTVGV4dFRh
								YqKBN1tNTkFT
								VGV4dFRhYtRQ
								d3gLXHqFfIAS
								gAAiQmAAAIAT
								1FB3eAtceop8
								gBKAACJCqAAA
								gBPUUHd4C1x6
								j3yAEoAAIkLg
								AACAE9RQd3gL
								XHqUfIASgAAi
								QwwAAIAT1FB3
								eAtcepl8gBKA
								ACJDKAAAgBPU
								UHd4C1x6nnyA
								EoAAIkNEAACA
								E9RQd3gLXHqj
								fIASgAAiQ2AA
								AIAT1FB3eAtc
								eqh8gBKAACJD
								fAAAgBPUUHd4
								C1x6rXyAEoAA
								IkOMAACAE9RQ
								d3gLXHqyfIAS
								gAAiQ5oAAIAT
								1FB3eAtcerd8
								gBKAACJDqAAA
								gBPSMjO6u1dO
								U0FycmF5oro3
								EAQUAAAAAAAA
								AAD/////////
								/9IyM7/AXxAT
								TU5BU1BhcmFn
								cmFwaHlTdHls
								ZaLBN18QE01O
								QVNQYXJhZ3Jh
								cGh5U3R5bGXT
								GBELw8Yfohob
								gAWABqLHyIAk
								gCWADFd7MCwg
								MTN91szNzs/Q
								C9HS09TV1lRz
								aXplWGZvbnRO
								YW1lWWV4cGFu
								c2lvbltvYmxp
								cXVlbmVzc18Q
								EmJhc2VsaW5l
								QWRqdXN0bWVu
								dIAngCaAKoAp
								gCiAK1xMdWNp
								ZGFHcmFuZGUi
								QUAAACIAAAAA
								IgAAAAAiAAAA
								ANIyM93eWE1O
								QVNGb250ot83
								WE1OQVNGb250
								0jIz4eJfEBNN
								TkNBdHRyaWJ1
								dGVkU3RyaW5n
								ouM3XxATTU5D
								QXR0cmlidXRl
								ZFN0cmluZ18Q
								D05TS2V5ZWRB
								cmNoaXZlctHm
								518QEU1OQzBk
								ZXJSb290T2Jq
								ZWN0gAEACAAR
								ABoAIwAtADIA
								NwBnAG0AdAB7
								AIYAjQCPAJEA
								kwChAKYAsQC1
								ALcAuQC7AL0A
								xADMAM8A0QDT
								ANYA2ADaANwB
								AwEuATYBOwFB
								AUMBRQFQAVQB
								WgFfAWUBZwFs
								AXEBdgF7AYAB
								iwGUAZ0BoAGp
								AbIBtwHNAdAB
								5gHrAgECBQIS
								AhkCHAIeAiAC
								IwIlAicCKQIx
								AlICZgJvAoIC
								jQKbAqcCsQK8
								AtAC6QL+AxMD
								KgM/A0QDRgNL
								A1ADUgNUA1kD
								WwNgA2UDagNv
								A3QDdgN7A4AD
								jQOPA5EDkwOV
								A5cDmQObA50D
								nwOhA6MDpQOn
								A7ADuAPBA8MD
								xQPKA8wDzgPT
								A98D4gPuA/cD
								+QP7BAAEAgQL
								BA0EDwQUBBYE
								HwQhBCMEKAQq
								BDMENQQ3BDwE
								PgRHBEkESwRQ
								BFIEWwRdBF8E
								ZARmBG8EcQRz
								BHgEegSDBIUE
								hwSMBI4ElwSZ
								BJsEoASiBKsE
								rQSvBLQEtgS/
								BMEEwwTIBMoE
								zwTXBNoE3ATt
								BPIFCAULBSEF
								KAUrBS0FLwUy
								BTQFNgU4BUAF
								TQVSBVsFZQVx
								BYYFiAWKBYwF
								jgWQBZIFnwWk
								BakFrgWzBbgF
								wQXEBc0F0gXo
								BesGAQYTBhYG
								KgAAAAAAAAIB
								AAAAAAAAAOgA
								AAAAAAAAAAAA
								AAAAAAYs
									</data>
									<key>constrainedWidth</key>
									<integer>300</integer>
									<key>shrinkToFitContent</key>
									<integer>1</integer>
									<key>text</key>
									<string>{\rtf1\ansi\ansicpg1252\cocoartf1187
{\fonttbl\f0\fnil\fcharset0 LucidaGrande;}
{\colortbl;\red255\green255\blue255;}
\pard\tx560\tx1120\tx1680\tx2240\tx2800\tx3360\tx3920\tx4480\tx5040\tx5600\tx6160\tx6720\pardirnatural

\f0\fs24 \cf0 Physical harm}</string>
								</dict>
							</dict>
							<dict>
								<key>contentAlignment</key>
								<integer>1</integer>
								<key>fillColor</key>
								<string>{1.000, 1.000, 1.000, 1.000}</string>
								<key>isDecreasingBranchThickness</key>
								<true/>
								<key>isDrawingFill</key>
								<false/>
								<key>isLeftAligned</key>
								<true/>
								<key>location</key>
								<string>{-464.375, 61.46484375}</string>
								<key>nodeID</key>
								<string>5D86D1D7-89BE-4D1A-9401-7EA1ED6DE8F3</string>
								<key>strokeColor</key>
								<string>{0.400, 1.000, 0.800, 1.000}</string>
								<key>strokeStyle</key>
								<integer>0</integer>
								<key>strokeWidth</key>
								<real>5</real>
								<key>subnodes</key>
								<array>
									<dict>
										<key>contentAlignment</key>
										<integer>1</integer>
										<key>fillColor</key>
										<string>{1.000, 1.000, 1.000, 1.000}</string>
										<key>isDecreasingBranchThickness</key>
										<true/>
										<key>isDrawingFill</key>
										<false/>
										<key>isLeftAligned</key>
										<true/>
										<key>location</key>
										<string>{-636.81640625, 136.921875}</string>
										<key>nodeID</key>
										<string>499FED08-321F-459C-8432-5B0D27B28553</string>
										<key>strokeColor</key>
										<string>{0.400, 1.000, 0.800, 1.000}</string>
										<key>strokeStyle</key>
										<integer>0</integer>
										<key>strokeWidth</key>
										<real>4</real>
										<key>subnodes</key>
										<array/>
										<key>title</key>
										<dict>
											<key>attributedText</key>
											<data>
								YnBsaXN0MDDU
								AQIDBAUG5OVY
								JHZlcnNpb25Y
								JG9iamVjdHNZ
								JGFyY2hpdmVy
								VCR0b3ASAAGG
								oK8QLQcIDxAX
								ICEiIycxODxA
								SElndn1+goeM
								kZaboKWqr7S5
								vL2+wsrL19jZ
								2tvc4FUkbnVs
								bNMJCgsMDQ5W
								c3RyaW5nWmF0
								dHJpYnV0ZXNW
								JGNsYXNzgAKA
								A4AsXlNueWRl
								ciB2LiBUdXJr
								0hELEhZaTlMu
								b2JqZWN0c6MT
								FBWABIANgCOA
								H9MYEQsZHB9X
								TlMua2V5c6Ia
								G4AFgAaiHR6A
								B4AIgAxfECRr
								TU5BdHRyaWJ1
								dGVkU3RyaW5n
								QXR0cmlidXRl
								UmFuZ2VLZXlf
								EChrTU5BdHRy
								aWJ1dGVkU3Ry
								aW5nQXR0cmli
								dXRlQXR0cmli
								dXRlS2V5V3sw
								LCAxNH3SJAsl
								JlVjb2xvcoAJ
								gAvVCygpKiss
								LS4vMFNyZWRV
								YWxwaGFUYmx1
								ZVVncmVlboAK
								IgAAAAAiP4AA
								ACIAAAAAIgAA
								AADSMjM0NVok
								Y2xhc3NuYW1l
								WCRjbGFzc2Vz
								WE1OQ0NvbG9y
								ojY3WE1OQ0Nv
								bG9yWE5TT2Jq
								ZWN00jIzOTpf
								EBNNTkFTRm9y
								ZWdyb3VuZENv
								bG9yojs3XxAT
								TU5BU0ZvcmVn
								cm91bmRDb2xv
								ctIyMz0+XxAT
								TlNNdXRhYmxl
								RGljdGlvbmFy
								eaM9PzdcTlNE
								aWN0aW9uYXJ5
								0xgRC0FEH6Ia
								G4AFgAaiRUaA
								DoAPgAxXezAs
								IDE0fd8QD0pL
								TE1OC09QUVJT
								VFVWV1hZWltc
								XV5fYGFiY2Rl
								Zl8QEW1heGlt
								dW1MaW5lSGVp
								Z2h0WHRhYlN0
								b3BzXxAQcGFy
								YWdyYXBoU3Bh
								Y2luZ1poZWFk
								SW5kZW50XWxp
								bmVCcmVha01v
								ZGVbbGluZVNw
								YWNpbmdZYWxp
								Z25tZW50WnRh
								aWxJbmRlbnRf
								EBFtaW5pbXVt
								TGluZUhlaWdo
								dF8QFnBhcmFn
								cmFwaFNwYWNp
								bmdCZWZvcmVf
								EBJkZWZhdWx0
								VGFiSW50ZXJ2
								YWxfEBJmaXJz
								dExpbmVIZWFk
								SWRlbnRfEBRi
								YXNlV3JpdGlu
								Z0RpcmVjdGlv
								bl8QEmxpbmVI
								ZWlnaHRNdWx0
								aXBsZSIAAAAA
								gBAiAAAAACIA
								AAAAgBKAIiIA
								AAAAgCAiAAAA
								ACIAAAAAIgAA
								AAAiAAAAACIA
								AAAAgCEiAAAA
								ANIRC2gWrGlq
								a2xtbm9wcXJz
								dIARgBSAFYAW
								gBeAGIAZgBqA
								G4AcgB2AHoAf
								1FB3eAtcent8
								V29wdGlvbnNY
								bG9jYXRpb26A
								EoAAIkHgAACA
								ExAA0jIzf4Bb
								TU5BU1RleHRU
								YWKigTdbTU5B
								U1RleHRUYWLU
								UHd4C1x6hXyA
								EoAAIkJgAACA
								E9RQd3gLXHqK
								fIASgAAiQqgA
								AIAT1FB3eAtc
								eo98gBKAACJC
								4AAAgBPUUHd4
								C1x6lHyAEoAA
								IkMMAACAE9RQ
								d3gLXHqZfIAS
								gAAiQygAAIAT
								1FB3eAtcep58
								gBKAACJDRAAA
								gBPUUHd4C1x6
								o3yAEoAAIkNg
								AACAE9RQd3gL
								XHqofIASgAAi
								Q3wAAIAT1FB3
								eAtceq18gBKA
								ACJDjAAAgBPU
								UHd4C1x6snyA
								EoAAIkOaAACA
								E9RQd3gLXHq3
								fIASgAAiQ6gA
								AIAT0jIzurtX
								TlNBcnJheaK6
								NxAEFAAAAAAA
								AAAA////////
								///SMjO/wF8Q
								E01OQVNQYXJh
								Z3JhcGh5U3R5
								bGWiwTdfEBNN
								TkFTUGFyYWdy
								YXBoeVN0eWxl
								0xgRC8PGH6Ia
								G4AFgAaix8iA
								JIAlgAxXezAs
								IDE0fdbMzc7P
								0AvR0tPU1dZU
								c2l6ZVhmb250
								TmFtZVlleHBh
								bnNpb25bb2Js
								aXF1ZW5lc3Nf
								EBJiYXNlbGlu
								ZUFkanVzdG1l
								bnSAJ4AmgCqA
								KYAogCtcTHVj
								aWRhR3JhbmRl
								IkFAAAAiAAAA
								ACIAAAAAIgAA
								AADSMjPd3lhN
								TkFTRm9udKLf
								N1hNTkFTRm9u
								dNIyM+HiXxAT
								TU5DQXR0cmli
								dXRlZFN0cmlu
								Z6LjN18QE01O
								Q0F0dHJpYnV0
								ZWRTdHJpbmdf
								EA9OU0tleWVk
								QXJjaGl2ZXLR
								5udfEBFNTkMw
								ZGVyUm9vdE9i
								amVjdIABAAgA
								EQAaACMALQAy
								ADcAZwBtAHQA
								ewCGAI0AjwCR
								AJMAogCnALIA
								tgC4ALoAvAC+
								AMUAzQDQANIA
								1ADXANkA2wDd
								AQQBLwE3ATwB
								QgFEAUYBUQFV
								AVsBYAFmAWgB
								bQFyAXcBfAGB
								AYwBlQGeAaEB
								qgGzAbgBzgHR
								AecB7AICAgYC
								EwIaAh0CHwIh
								AiQCJgIoAioC
								MgJTAmcCcAKD
								Ao4CnAKoArIC
								vQLRAuoC/wMU
								AysDQANFA0cD
								TANRA1MDVQNa
								A1wDYQNmA2sD
								cAN1A3cDfAOB
								A44DkAOSA5QD
								lgOYA5oDnAOe
								A6ADogOkA6YD
								qAOxA7kDwgPE
								A8YDywPNA88D
								1APgA+MD7wP4
								A/oD/AQBBAME
								DAQOBBAEFQQX
								BCAEIgQkBCkE
								KwQ0BDYEOAQ9
								BD8ESARKBEwE
								UQRTBFwEXgRg
								BGUEZwRwBHIE
								dAR5BHsEhASG
								BIgEjQSPBJgE
								mgScBKEEowSs
								BK4EsAS1BLcE
								wATCBMQEyQTL
								BNAE2ATbBN0E
								7gTzBQkFDAUi
								BSkFLAUuBTAF
								MwU1BTcFOQVB
								BU4FUwVcBWYF
								cgWHBYkFiwWN
								BY8FkQWTBaAF
								pQWqBa8FtAW5
								BcIFxQXOBdMF
								6QXsBgIGFAYX
								BisAAAAAAAAC
								AQAAAAAAAADo
								AAAAAAAAAAAA
								AAAAAAAGLQ==
											</data>
											<key>constrainedWidth</key>
											<integer>300</integer>
											<key>shrinkToFitContent</key>
											<integer>1</integer>
											<key>text</key>
											<string>{\rtf1\ansi\ansicpg1252\cocoartf1187
{\fonttbl\f0\fnil\fcharset0 LucidaGrande;}
{\colortbl;\red255\green255\blue255;}
\pard\tx560\tx1120\tx1680\tx2240\tx2800\tx3360\tx3920\tx4480\tx5040\tx5600\tx6160\tx6720\pardirnatural

\f0\fs24 \cf0 Snyder v. Turk}</string>
										</dict>
									</dict>
									<dict>
										<key>contentAlignment</key>
										<integer>1</integer>
										<key>fillColor</key>
										<string>{1.000, 1.000, 1.000, 1.000}</string>
										<key>isDecreasingBranchThickness</key>
										<true/>
										<key>isDrawingFill</key>
										<false/>
										<key>isLeftAligned</key>
										<true/>
										<key>location</key>
										<string>{-505.54296875, 143.64453125}</string>
										<key>nodeID</key>
										<string>90F7D0FF-FACE-4401-B70A-98A6E1165CEE</string>
										<key>strokeColor</key>
										<string>{0.400, 1.000, 0.800, 1.000}</string>
										<key>strokeStyle</key>
										<integer>0</integer>
										<key>strokeWidth</key>
										<real>4</real>
										<key>subnodes</key>
										<array/>
										<key>title</key>
										<dict>
											<key>attributedText</key>
											<data>
								YnBsaXN0MDDU
								AQIDBAUG5OVY
								JHZlcnNpb25Y
								JG9iamVjdHNZ
								JGFyY2hpdmVy
								VCR0b3ASAAGG
								oK8QLQcIDxAX
								ICEiIycxODxA
								SElndn1+goeM
								kZaboKWqr7S5
								vL2+wsrL19jZ
								2tvc4FUkbnVs
								bNMJCgsMDQ5W
								c3RyaW5nWmF0
								dHJpYnV0ZXNW
								JGNsYXNzgAKA
								A4AsXkNvaGVu
								IHYuIFNtaXRo
								0hELEhZaTlMu
								b2JqZWN0c6MT
								FBWABIANgCOA
								H9MYEQsZHB9X
								TlMua2V5c6Ia
								G4AFgAaiHR6A
								B4AIgAxfECRr
								TU5BdHRyaWJ1
								dGVkU3RyaW5n
								QXR0cmlidXRl
								UmFuZ2VLZXlf
								EChrTU5BdHRy
								aWJ1dGVkU3Ry
								aW5nQXR0cmli
								dXRlQXR0cmli
								dXRlS2V5V3sw
								LCAxNH3SJAsl
								JlVjb2xvcoAJ
								gAvVCygpKiss
								LS4vMFNyZWRV
								YWxwaGFUYmx1
								ZVVncmVlboAK
								IgAAAAAiP4AA
								ACIAAAAAIgAA
								AADSMjM0NVok
								Y2xhc3NuYW1l
								WCRjbGFzc2Vz
								WE1OQ0NvbG9y
								ojY3WE1OQ0Nv
								bG9yWE5TT2Jq
								ZWN00jIzOTpf
								EBNNTkFTRm9y
								ZWdyb3VuZENv
								bG9yojs3XxAT
								TU5BU0ZvcmVn
								cm91bmRDb2xv
								ctIyMz0+XxAT
								TlNNdXRhYmxl
								RGljdGlvbmFy
								eaM9PzdcTlNE
								aWN0aW9uYXJ5
								0xgRC0FEH6Ia
								G4AFgAaiRUaA
								DoAPgAxXezAs
								IDE0fd8QD0pL
								TE1OC09QUVJT
								VFVWV1hZWltc
								XV5fYGFiY2Rl
								Zl8QEW1heGlt
								dW1MaW5lSGVp
								Z2h0WHRhYlN0
								b3BzXxAQcGFy
								YWdyYXBoU3Bh
								Y2luZ1poZWFk
								SW5kZW50XWxp
								bmVCcmVha01v
								ZGVbbGluZVNw
								YWNpbmdZYWxp
								Z25tZW50WnRh
								aWxJbmRlbnRf
								EBFtaW5pbXVt
								TGluZUhlaWdo
								dF8QFnBhcmFn
								cmFwaFNwYWNp
								bmdCZWZvcmVf
								EBJkZWZhdWx0
								VGFiSW50ZXJ2
								YWxfEBJmaXJz
								dExpbmVIZWFk
								SWRlbnRfEBRi
								YXNlV3JpdGlu
								Z0RpcmVjdGlv
								bl8QEmxpbmVI
								ZWlnaHRNdWx0
								aXBsZSIAAAAA
								gBAiAAAAACIA
								AAAAgBKAIiIA
								AAAAgCAiAAAA
								ACIAAAAAIgAA
								AAAiAAAAACIA
								AAAAgCEiAAAA
								ANIRC2gWrGlq
								a2xtbm9wcXJz
								dIARgBSAFYAW
								gBeAGIAZgBqA
								G4AcgB2AHoAf
								1FB3eAtcent8
								V29wdGlvbnNY
								bG9jYXRpb26A
								EoAAIkHgAACA
								ExAA0jIzf4Bb
								TU5BU1RleHRU
								YWKigTdbTU5B
								U1RleHRUYWLU
								UHd4C1x6hXyA
								EoAAIkJgAACA
								E9RQd3gLXHqK
								fIASgAAiQqgA
								AIAT1FB3eAtc
								eo98gBKAACJC
								4AAAgBPUUHd4
								C1x6lHyAEoAA
								IkMMAACAE9RQ
								d3gLXHqZfIAS
								gAAiQygAAIAT
								1FB3eAtcep58
								gBKAACJDRAAA
								gBPUUHd4C1x6
								o3yAEoAAIkNg
								AACAE9RQd3gL
								XHqofIASgAAi
								Q3wAAIAT1FB3
								eAtceq18gBKA
								ACJDjAAAgBPU
								UHd4C1x6snyA
								EoAAIkOaAACA
								E9RQd3gLXHq3
								fIASgAAiQ6gA
								AIAT0jIzurtX
								TlNBcnJheaK6
								NxAEFAAAAAAA
								AAAA////////
								///SMjO/wF8Q
								E01OQVNQYXJh
								Z3JhcGh5U3R5
								bGWiwTdfEBNN
								TkFTUGFyYWdy
								YXBoeVN0eWxl
								0xgRC8PGH6Ia
								G4AFgAaix8iA
								JIAlgAxXezAs
								IDE0fdbMzc7P
								0AvR0tPU1dZU
								c2l6ZVhmb250
								TmFtZVlleHBh
								bnNpb25bb2Js
								aXF1ZW5lc3Nf
								EBJiYXNlbGlu
								ZUFkanVzdG1l
								bnSAJ4AmgCqA
								KYAogCtcTHVj
								aWRhR3JhbmRl
								IkFAAAAiAAAA
								ACIAAAAAIgAA
								AADSMjPd3lhN
								TkFTRm9udKLf
								N1hNTkFTRm9u
								dNIyM+HiXxAT
								TU5DQXR0cmli
								dXRlZFN0cmlu
								Z6LjN18QE01O
								Q0F0dHJpYnV0
								ZWRTdHJpbmdf
								EA9OU0tleWVk
								QXJjaGl2ZXLR
								5udfEBFNTkMw
								ZGVyUm9vdE9i
								amVjdIABAAgA
								EQAaACMALQAy
								ADcAZwBtAHQA
								ewCGAI0AjwCR
								AJMAogCnALIA
								tgC4ALoAvAC+
								AMUAzQDQANIA
								1ADXANkA2wDd
								AQQBLwE3ATwB
								QgFEAUYBUQFV
								AVsBYAFmAWgB
								bQFyAXcBfAGB
								AYwBlQGeAaEB
								qgGzAbgBzgHR
								AecB7AICAgYC
								EwIaAh0CHwIh
								AiQCJgIoAioC
								MgJTAmcCcAKD
								Ao4CnAKoArIC
								vQLRAuoC/wMU
								AysDQANFA0cD
								TANRA1MDVQNa
								A1wDYQNmA2sD
								cAN1A3cDfAOB
								A44DkAOSA5QD
								lgOYA5oDnAOe
								A6ADogOkA6YD
								qAOxA7kDwgPE
								A8YDywPNA88D
								1APgA+MD7wP4
								A/oD/AQBBAME
								DAQOBBAEFQQX
								BCAEIgQkBCkE
								KwQ0BDYEOAQ9
								BD8ESARKBEwE
								UQRTBFwEXgRg
								BGUEZwRwBHIE
								dAR5BHsEhASG
								BIgEjQSPBJgE
								mgScBKEEowSs
								BK4EsAS1BLcE
								wATCBMQEyQTL
								BNAE2ATbBN0E
								7gTzBQkFDAUi
								BSkFLAUuBTAF
								MwU1BTcFOQVB
								BU4FUwVcBWYF
								cgWHBYkFiwWN
								BY8FkQWTBaAF
								pQWqBa8FtAW5
								BcIFxQXOBdMF
								6QXsBgIGFAYX
								BisAAAAAAAAC
								AQAAAAAAAADo
								AAAAAAAAAAAA
								AAAAAAAGLQ==
											</data>
											<key>constrainedWidth</key>
											<integer>300</integer>
											<key>shrinkToFitContent</key>
											<integer>1</integer>
											<key>text</key>
											<string>{\rtf1\ansi\ansicpg1252\cocoartf1187
{\fonttbl\f0\fnil\fcharset0 LucidaGrande;}
{\colortbl;\red255\green255\blue255;}
\pard\tx560\tx1120\tx1680\tx2240\tx2800\tx3360\tx3920\tx4480\tx5040\tx5600\tx6160\tx6720\pardirnatural

\f0\fs24 \cf0 Cohen v. Smith}</string>
										</dict>
									</dict>
								</array>
								<key>title</key>
								<dict>
									<key>attributedText</key>
									<data>
								YnBsaXN0MDDU
								AQIDBAUG5OVY
								JHZlcnNpb25Y
								JG9iamVjdHNZ
								JGFyY2hpdmVy
								VCR0b3ASAAGG
								oK8QLQcIDxAX
								ICEiIycxODxA
								SElndn1+goeM
								kZaboKWqr7S5
								vL2+wsrL19jZ
								2tvc4FUkbnVs
								bNMJCgsMDQ5W
								c3RyaW5nWmF0
								dHJpYnV0ZXNW
								JGNsYXNzgAKA
								A4AsXxAwSGFy
								bSB0byAiYSBy
								ZWFzb25hYmxl
								IHNlbnNlIG9m
								IHBlcnNvbmFs
								IGRpZ25pdHki
								0hELEhZaTlMu
								b2JqZWN0c6MT
								FBWABIANgCOA
								H9MYEQsZHB9X
								TlMua2V5c6Ia
								G4AFgAaiHR6A
								B4AIgAxfECRr
								TU5BdHRyaWJ1
								dGVkU3RyaW5n
								QXR0cmlidXRl
								UmFuZ2VLZXlf
								EChrTU5BdHRy
								aWJ1dGVkU3Ry
								aW5nQXR0cmli
								dXRlQXR0cmli
								dXRlS2V5V3sw
								LCA0OH3SJAsl
								JlVjb2xvcoAJ
								gAvVCygpKiss
								LS4vMFNyZWRV
								YWxwaGFUYmx1
								ZVVncmVlboAK
								IgAAAAAiP4AA
								ACIAAAAAIgAA
								AADSMjM0NVok
								Y2xhc3NuYW1l
								WCRjbGFzc2Vz
								WE1OQ0NvbG9y
								ojY3WE1OQ0Nv
								bG9yWE5TT2Jq
								ZWN00jIzOTpf
								EBNNTkFTRm9y
								ZWdyb3VuZENv
								bG9yojs3XxAT
								TU5BU0ZvcmVn
								cm91bmRDb2xv
								ctIyMz0+XxAT
								TlNNdXRhYmxl
								RGljdGlvbmFy
								eaM9PzdcTlNE
								aWN0aW9uYXJ5
								0xgRC0FEH6Ia
								G4AFgAaiRUaA
								DoAPgAxXezAs
								IDQ4fd8QD0pL
								TE1OC09QUVJT
								VFVWV1hZWltc
								XV5fYGFiY2Rl
								Zl8QEW1heGlt
								dW1MaW5lSGVp
								Z2h0WHRhYlN0
								b3BzXxAQcGFy
								YWdyYXBoU3Bh
								Y2luZ1poZWFk
								SW5kZW50XWxp
								bmVCcmVha01v
								ZGVbbGluZVNw
								YWNpbmdZYWxp
								Z25tZW50WnRh
								aWxJbmRlbnRf
								EBFtaW5pbXVt
								TGluZUhlaWdo
								dF8QFnBhcmFn
								cmFwaFNwYWNp
								bmdCZWZvcmVf
								EBJkZWZhdWx0
								VGFiSW50ZXJ2
								YWxfEBJmaXJz
								dExpbmVIZWFk
								SWRlbnRfEBRi
								YXNlV3JpdGlu
								Z0RpcmVjdGlv
								bl8QEmxpbmVI
								ZWlnaHRNdWx0
								aXBsZSIAAAAA
								gBAiAAAAACIA
								AAAAgBKAIiIA
								AAAAgCAiAAAA
								ACIAAAAAIgAA
								AAAiAAAAACIA
								AAAAgCEiAAAA
								ANIRC2gWrGlq
								a2xtbm9wcXJz
								dIARgBSAFYAW
								gBeAGIAZgBqA
								G4AcgB2AHoAf
								1FB3eAtcent8
								V29wdGlvbnNY
								bG9jYXRpb26A
								EoAAIkHgAACA
								ExAA0jIzf4Bb
								TU5BU1RleHRU
								YWKigTdbTU5B
								U1RleHRUYWLU
								UHd4C1x6hXyA
								EoAAIkJgAACA
								E9RQd3gLXHqK
								fIASgAAiQqgA
								AIAT1FB3eAtc
								eo98gBKAACJC
								4AAAgBPUUHd4
								C1x6lHyAEoAA
								IkMMAACAE9RQ
								d3gLXHqZfIAS
								gAAiQygAAIAT
								1FB3eAtcep58
								gBKAACJDRAAA
								gBPUUHd4C1x6
								o3yAEoAAIkNg
								AACAE9RQd3gL
								XHqofIASgAAi
								Q3wAAIAT1FB3
								eAtceq18gBKA
								ACJDjAAAgBPU
								UHd4C1x6snyA
								EoAAIkOaAACA
								E9RQd3gLXHq3
								fIASgAAiQ6gA
								AIAT0jIzurtX
								TlNBcnJheaK6
								NxAEFAAAAAAA
								AAAA////////
								///SMjO/wF8Q
								E01OQVNQYXJh
								Z3JhcGh5U3R5
								bGWiwTdfEBNN
								TkFTUGFyYWdy
								YXBoeVN0eWxl
								0xgRC8PGH6Ia
								G4AFgAaix8iA
								JIAlgAxXezAs
								IDQ4fdbMzc7P
								0AvR0tPU1dZU
								c2l6ZVhmb250
								TmFtZVlleHBh
								bnNpb25bb2Js
								aXF1ZW5lc3Nf
								EBJiYXNlbGlu
								ZUFkanVzdG1l
								bnSAJ4AmgCqA
								KYAogCtcTHVj
								aWRhR3JhbmRl
								IkFAAAAiAAAA
								ACIAAAAAIgAA
								AADSMjPd3lhN
								TkFTRm9udKLf
								N1hNTkFTRm9u
								dNIyM+HiXxAT
								TU5DQXR0cmli
								dXRlZFN0cmlu
								Z6LjN18QE01O
								Q0F0dHJpYnV0
								ZWRTdHJpbmdf
								EA9OU0tleWVk
								QXJjaGl2ZXLR
								5udfEBFNTkMw
								ZGVyUm9vdE9i
								amVjdIABAAgA
								EQAaACMALQAy
								ADcAZwBtAHQA
								ewCGAI0AjwCR
								AJMAxgDLANYA
								2gDcAN4A4ADi
								AOkA8QD0APYA
								+AD7AP0A/wEB
								ASgBUwFbAWAB
								ZgFoAWoBdQF5
								AX8BhAGKAYwB
								kQGWAZsBoAGl
								AbABuQHCAcUB
								zgHXAdwB8gH1
								AgsCEAImAioC
								NwI+AkECQwJF
								AkgCSgJMAk4C
								VgJ3AosClAKn
								ArICwALMAtYC
								4QL1Aw4DIwM4
								A08DZANpA2sD
								cAN1A3cDeQN+
								A4ADhQOKA48D
								lAOZA5sDoAOl
								A7IDtAO2A7gD
								ugO8A74DwAPC
								A8QDxgPIA8oD
								zAPVA90D5gPo
								A+oD7wPxA/MD
								+AQEBAcEEwQc
								BB4EIAQlBCcE
								MAQyBDQEOQQ7
								BEQERgRIBE0E
								TwRYBFoEXARh
								BGMEbARuBHAE
								dQR3BIAEggSE
								BIkEiwSUBJYE
								mASdBJ8EqASq
								BKwEsQSzBLwE
								vgTABMUExwTQ
								BNIE1ATZBNsE
								5ATmBOgE7QTv
								BPQE/AT/BQEF
								EgUXBS0FMAVG
								BU0FUAVSBVQF
								VwVZBVsFXQVl
								BXIFdwWABYoF
								lgWrBa0FrwWx
								BbMFtQW3BcQF
								yQXOBdMF2AXd
								BeYF6QXyBfcG
								DQYQBiYGOAY7
								Bk8AAAAAAAAC
								AQAAAAAAAADo
								AAAAAAAAAAAA
								AAAAAAAGUQ==
									</data>
									<key>constrainedWidth</key>
									<integer>300</integer>
									<key>shrinkToFitContent</key>
									<integer>1</integer>
									<key>text</key>
									<string>{\rtf1\ansi\ansicpg1252\cocoartf1187
{\fonttbl\f0\fnil\fcharset0 LucidaGrande;}
{\colortbl;\red255\green255\blue255;}
\pard\tx560\tx1120\tx1680\tx2240\tx2800\tx3360\tx3920\tx4480\tx5040\tx5600\tx6160\tx6720\pardirnatural

\f0\fs24 \cf0 Harm to "a reasonable sense of personal dignity"}</string>
								</dict>
							</dict>
						</array>
						<key>title</key>
						<dict>
							<key>attributedText</key>
							<data>
							YnBsaXN0MDDUAQIDBAUG
							5OVYJHZlcnNpb25YJG9i
							amVjdHNZJGFyY2hpdmVy
							VCR0b3ASAAGGoK8QLQcI
							DxAXICEiIycxODxASEln
							dn1+goeMkZaboKWqr7S5
							vL2+wsrL19jZ2tvc4FUk
							bnVsbNMJCgsMDQ5Wc3Ry
							aW5nWmF0dHJpYnV0ZXNW
							JGNsYXNzgAKAA4AsVEhh
							cm3SEQsSFlpOUy5vYmpl
							Y3RzoxMUFYAEgA2AI4Af
							0xgRCxkcH1dOUy5rZXlz
							ohobgAWABqIdHoAHgAiA
							DF8QJGtNTkF0dHJpYnV0
							ZWRTdHJpbmdBdHRyaWJ1
							dGVSYW5nZUtleV8QKGtN
							TkF0dHJpYnV0ZWRTdHJp
							bmdBdHRyaWJ1dGVBdHRy
							aWJ1dGVLZXlWezAsIDR9
							0iQLJSZVY29sb3KACYAL
							1QsoKSorLC0uLzBTcmVk
							VWFscGhhVGJsdWVVZ3Jl
							ZW6ACiIAAAAAIj+AAAAi
							AAAAACIAAAAA0jIzNDVa
							JGNsYXNzbmFtZVgkY2xh
							c3Nlc1hNTkNDb2xvcqI2
							N1hNTkNDb2xvclhOU09i
							amVjdNIyMzk6XxATTU5B
							U0ZvcmVncm91bmRDb2xv
							cqI7N18QE01OQVNGb3Jl
							Z3JvdW5kQ29sb3LSMjM9
							Pl8QE05TTXV0YWJsZURp
							Y3Rpb25hcnmjPT83XE5T
							RGljdGlvbmFyedMYEQtB
							RB+iGhuABYAGokVGgA6A
							D4AMVnswLCA0fd8QD0pL
							TE1OC09QUVJTVFVWV1hZ
							WltcXV5fYGFiY2RlZl8Q
							EW1heGltdW1MaW5lSGVp
							Z2h0WHRhYlN0b3BzXxAQ
							cGFyYWdyYXBoU3BhY2lu
							Z1poZWFkSW5kZW50XWxp
							bmVCcmVha01vZGVbbGlu
							ZVNwYWNpbmdZYWxpZ25t
							ZW50WnRhaWxJbmRlbnRf
							EBFtaW5pbXVtTGluZUhl
							aWdodF8QFnBhcmFncmFw
							aFNwYWNpbmdCZWZvcmVf
							EBJkZWZhdWx0VGFiSW50
							ZXJ2YWxfEBJmaXJzdExp
							bmVIZWFkSWRlbnRfEBRi
							YXNlV3JpdGluZ0RpcmVj
							dGlvbl8QEmxpbmVIZWln
							aHRNdWx0aXBsZSIAAAAA
							gBAiAAAAACIAAAAAgBKA
							IiIAAAAAgCAiAAAAACIA
							AAAAIgAAAAAiAAAAACIA
							AAAAgCEiAAAAANIRC2gW
							rGlqa2xtbm9wcXJzdIAR
							gBSAFYAWgBeAGIAZgBqA
							G4AcgB2AHoAf1FB3eAtc
							ent8V29wdGlvbnNYbG9j
							YXRpb26AEoAAIkHgAACA
							ExAA0jIzf4BbTU5BU1Rl
							eHRUYWKigTdbTU5BU1Rl
							eHRUYWLUUHd4C1x6hXyA
							EoAAIkJgAACAE9RQd3gL
							XHqKfIASgAAiQqgAAIAT
							1FB3eAtceo98gBKAACJC
							4AAAgBPUUHd4C1x6lHyA
							EoAAIkMMAACAE9RQd3gL
							XHqZfIASgAAiQygAAIAT
							1FB3eAtcep58gBKAACJD
							RAAAgBPUUHd4C1x6o3yA
							EoAAIkNgAACAE9RQd3gL
							XHqofIASgAAiQ3wAAIAT
							1FB3eAtceq18gBKAACJD
							jAAAgBPUUHd4C1x6snyA
							EoAAIkOaAACAE9RQd3gL
							XHq3fIASgAAiQ6gAAIAT
							0jIzurtXTlNBcnJheaK6
							NxAEFAAAAAAAAAAA////
							///////SMjO/wF8QE01O
							QVNQYXJhZ3JhcGh5U3R5
							bGWiwTdfEBNNTkFTUGFy
							YWdyYXBoeVN0eWxl0xgR
							C8PGH6IaG4AFgAaix8iA
							JIAlgAxWezAsIDR91szN
							zs/QC9HS09TV1lRzaXpl
							WGZvbnROYW1lWWV4cGFu
							c2lvbltvYmxpcXVlbmVz
							c18QEmJhc2VsaW5lQWRq
							dXN0bWVudIAngCaAKoAp
							gCiAK18QEUx1Y2lkYUdy
							YW5kZS1Cb2xkIkFAAAAi
							AAAAACIAAAAAIgAAAADS
							MjPd3lhNTkFTRm9udKLf
							N1hNTkFTRm9udNIyM+Hi
							XxATTU5DQXR0cmlidXRl
							ZFN0cmluZ6LjN18QE01O
							Q0F0dHJpYnV0ZWRTdHJp
							bmdfEA9OU0tleWVkQXJj
							aGl2ZXLR5udfEBFNTkMw
							ZGVyUm9vdE9iamVjdIAB
							AAgAEQAaACMALQAyADcA
							ZwBtAHQAewCGAI0AjwCR
							AJMAmACdAKgArACuALAA
							sgC0ALsAwwDGAMgAygDN
							AM8A0QDTAPoBJQEsATEB
							NwE5ATsBRgFKAVABVQFb
							AV0BYgFnAWwBcQF2AYEB
							igGTAZYBnwGoAa0BwwHG
							AdwB4QH3AfsCCAIPAhIC
							FAIWAhkCGwIdAh8CJgJH
							AlsCZAJ3AoICkAKcAqYC
							sQLFAt4C8wMIAx8DNAM5
							AzsDQANFA0cDSQNOA1AD
							VQNaA18DZANpA2sDcAN1
							A4IDhAOGA4gDigOMA44D
							kAOSA5QDlgOYA5oDnAOl
							A60DtgO4A7oDvwPBA8MD
							yAPUA9cD4wPsA+4D8AP1
							A/cEAAQCBAQECQQLBBQE
							FgQYBB0EHwQoBCoELAQx
							BDMEPAQ+BEAERQRHBFAE
							UgRUBFkEWwRkBGYEaARt
							BG8EeAR6BHwEgQSDBIwE
							jgSQBJUElwSgBKIEpASp
							BKsEtAS2BLgEvQS/BMQE
							zATPBNEE4gTnBP0FAAUW
							BR0FIAUiBSQFJwUpBSsF
							LQU0BUEFRgVPBVkFZQV6
							BXwFfgWABYIFhAWGBZoF
							nwWkBakFrgWzBbwFvwXI
							Bc0F4wXmBfwGDgYRBiUA
							AAAAAAACAQAAAAAAAADo
							AAAAAAAAAAAAAAAAAAAG
							Jw==
							</data>
							<key>constrainedWidth</key>
							<integer>300</integer>
							<key>shrinkToFitContent</key>
							<integer>1</integer>
							<key>text</key>
							<string>{\rtf1\ansi\ansicpg1252\cocoartf1187
{\fonttbl\f0\fnil\fcharset0 LucidaGrande;}
{\colortbl;\red255\green255\blue255;}
\pard\tx560\tx1120\tx1680\tx2240\tx2800\tx3360\tx3920\tx4480\tx5040\tx5600\tx6160\tx6720\pardirnatural

\f0\b\fs24 \cf0 Harm}</string>
						</dict>
					</dict>
				</array>
				<key>title</key>
				<dict>
					<key>attributedText</key>
					<data>
					YnBsaXN0MDDUAQIDBAUG4+RYJHZlcnNpb25Y
					JG9iamVjdHNZJGFyY2hpdmVyVCR0b3ASAAGG
					oK8QLAcIDxAXICEiIycxODxASElndn1+goeM
					kZaboKWqr7S5vL3BycrW19jZ2tvfVSRudWxs
					0wkKCwwNDlZzdHJpbmdaYXR0cmlidXRlc1Yk
					Y2xhc3OAAoADgCtXQmF0dGVyedIRCxIWWk5T
					Lm9iamVjdHOjExQVgASADYAigB/TGBELGRwf
					V05TLmtleXOiGhuABYAGoh0egAeACIAMXxAk
					a01OQXR0cmlidXRlZFN0cmluZ0F0dHJpYnV0
					ZVJhbmdlS2V5XxAoa01OQXR0cmlidXRlZFN0
					cmluZ0F0dHJpYnV0ZUF0dHJpYnV0ZUtleVZ7
					MCwgN33SJAslJlVjb2xvcoAJgAvVCygpKiss
					LS4vMFNyZWRVYWxwaGFUYmx1ZVVncmVlboAK
					IgAAAAAiP4AAACIAAAAAIgAAAADSMjM0NVok
					Y2xhc3NuYW1lWCRjbGFzc2VzWE1OQ0NvbG9y
					ojY3WE1OQ0NvbG9yWE5TT2JqZWN00jIzOTpf
					EBNNTkFTRm9yZWdyb3VuZENvbG9yojs3XxAT
					TU5BU0ZvcmVncm91bmRDb2xvctIyMz0+XxAT
					TlNNdXRhYmxlRGljdGlvbmFyeaM9PzdcTlNE
					aWN0aW9uYXJ50xgRC0FEH6IaG4AFgAaiRUaA
					DoAPgAxWezAsIDd93xAPSktMTU4LT1BRUlNU
					VVZXWFlaW1xdXlxgYWJjZGVmXxARbWF4aW11
					bUxpbmVIZWlnaHRYdGFiU3RvcHNfEBBwYXJh
					Z3JhcGhTcGFjaW5nWmhlYWRJbmRlbnRdbGlu
					ZUJyZWFrTW9kZVtsaW5lU3BhY2luZ1lhbGln
					bm1lbnRadGFpbEluZGVudF8QEW1pbmltdW1M
					aW5lSGVpZ2h0XxAWcGFyYWdyYXBoU3BhY2lu
					Z0JlZm9yZV8QEmRlZmF1bHRUYWJJbnRlcnZh
					bF8QEmZpcnN0TGluZUhlYWRJZGVudF8QFGJh
					c2VXcml0aW5nRGlyZWN0aW9uXxASbGluZUhl
					aWdodE11bHRpcGxlIgAAAACAECIAAAAAIgAA
					AACAEoAhIgAAAACAEiIAAAAAIgAAAAAiAAAA
					ACIAAAAAIgAAAACAICIAAAAA0hELaBasaWpr
					bG1ub3BxcnN0gBGAFIAVgBaAF4AYgBmAGoAb
					gByAHYAegB/UUHd4C1x6e3xXb3B0aW9uc1hs
					b2NhdGlvboASgAAiQeAAAIATEADSMjN/gFtN
					TkFTVGV4dFRhYqKBN1tNTkFTVGV4dFRhYtRQ
					d3gLXHqFfIASgAAiQmAAAIAT1FB3eAtceop8
					gBKAACJCqAAAgBPUUHd4C1x6j3yAEoAAIkLg
					AACAE9RQd3gLXHqUfIASgAAiQwwAAIAT1FB3
					eAtcepl8gBKAACJDKAAAgBPUUHd4C1x6nnyA
					EoAAIkNEAACAE9RQd3gLXHqjfIASgAAiQ2AA
					AIAT1FB3eAtceqh8gBKAACJDfAAAgBPUUHd4
					C1x6rXyAEoAAIkOMAACAE9RQd3gLXHqyfIAS
					gAAiQ5oAAIAT1FB3eAtcerd8gBKAACJDqAAA
					gBPSMjO6u1dOU0FycmF5oro3FAAAAAAAAAAA
					///////////SMjO+v18QE01OQVNQYXJhZ3Jh
					cGh5U3R5bGWiwDdfEBNNTkFTUGFyYWdyYXBo
					eVN0eWxl0xgRC8LFH6IaG4AFgAaixseAI4Ak
					gAxWezAsIDd91svMzc7PC9DR0tPU1VRzaXpl
					WGZvbnROYW1lWWV4cGFuc2lvbltvYmxpcXVl
					bmVzc18QEmJhc2VsaW5lQWRqdXN0bWVudIAm
					gCWAKYAogCeAKlxMdWNpZGFHcmFuZGUiQVAA
					ACIAAAAAIgAAAAAiAAAAANIyM9zdWE1OQVNG
					b250ot43WE1OQVNGb2500jIz4OFfEBNNTkNB
					dHRyaWJ1dGVkU3RyaW5nouI3XxATTU5DQXR0
					cmlidXRlZFN0cmluZ18QD05TS2V5ZWRBcmNo
					aXZlctHl5l8QEU1OQzBkZXJSb290T2JqZWN0
					gAEACAARABoAIwAtADIANwBmAGwAcwB6AIUA
					jACOAJAAkgCaAJ8AqgCuALAAsgC0ALYAvQDF
					AMgAygDMAM8A0QDTANUA/AEnAS4BMwE5ATsB
					PQFIAUwBUgFXAV0BXwFkAWkBbgFzAXgBgwGM
					AZUBmAGhAaoBrwHFAcgB3gHjAfkB/QIKAhEC
					FAIWAhgCGwIdAh8CIQIoAkkCXQJmAnkChAKS
					Ap4CqAKzAscC4AL1AwoDIQM2AzsDPQNCA0cD
					SQNLA1ADUgNXA1wDYQNmA2sDbQNyA3cDhAOG
					A4gDigOMA44DkAOSA5QDlgOYA5oDnAOeA6cD
					rwO4A7oDvAPBA8MDxQPKA9YD2QPlA+4D8APy
					A/cD+QQCBAQEBgQLBA0EFgQYBBoEHwQhBCoE
					LAQuBDMENQQ+BEAEQgRHBEkEUgRUBFYEWwRd
					BGYEaARqBG8EcQR6BHwEfgSDBIUEjgSQBJIE
					lwSZBKIEpASmBKsErQS2BLgEugS/BMEExgTO
					BNEE4gTnBP0FAAUWBR0FIAUiBSQFJwUpBSsF
					LQU0BUEFRgVPBVkFZQV6BXwFfgWABYIFhAWG
					BZMFmAWdBaIFpwWsBbUFuAXBBcYF3AXfBfUG
					BwYKBh4AAAAAAAACAQAAAAAAAADnAAAAAAAA
					AAAAAAAAAAAGIA==
					</data>
					<key>constrainedWidth</key>
					<integer>300</integer>
					<key>shrinkToFitContent</key>
					<integer>1</integer>
					<key>text</key>
					<string>{\rtf1\ansi\ansicpg1252\cocoartf1187
{\fonttbl\f0\fnil\fcharset0 LucidaGrande;}
{\colortbl;\red255\green255\blue255;}
\pard\tx560\tx1120\tx1680\tx2240\tx2800\tx3360\tx3920\tx4480\tx5040\tx5600\tx6160\tx6720\pardirnatural

\f0\fs26 \cf0 Battery}</string>
				</dict>
			</dict>
		</array>
	</dict>
	<key>printInfo</key>
	<data>
	BAtzdHJlYW10eXBlZIHoA4QBQISEhAtOU1ByaW50SW5mbwGEhAhOU09iamVjdACFkoSE
	hBNOU011dGFibGVEaWN0aW9uYXJ5AISEDE5TRGljdGlvbmFyeQCUhAFpCJKEhIQITlNT
	dHJpbmcBlIQBKxZOU0hvcml6b250YWxseUNlbnRlcmVkhpKEhIQITlNOdW1iZXIAhIQH
	TlNWYWx1ZQCUhAEqhIQBY50BhpKEmZkNTlNSaWdodE1hcmdpboaShJuchIQBZp5IhpKE
	mZkMTlNMZWZ0TWFyZ2luhpKEm5ygnkiGkoSZmRVOU0hvcml6b25hbFBhZ2luYXRpb26G
	koSbnISXlwKGkoSZmRROU1ZlcnRpY2FsUGFnaW5hdGlvboaShJucpZcAhpKEmZkUTlNW
	ZXJ0aWNhbGx5Q2VudGVyZWSGkpqShJmZC05TVG9wTWFyZ2luhpKEm5ygnlqGkoSZmQ5O
	U0JvdHRvbU1hcmdpboaShJucoJ5ahoaG
	</data>
	<key>title</key>
	<string>Battery</string>
	<key>version</key>
	<integer>4</integer>
</dict>
</plist>
